ligand_PC1,ligand_PC2,ligand_PC3,ligand_PC4,ligand_PC5,ligand_PC6,ligand_PC7,ligand_PC8,ligand_PC9,ligand_PC10,ligand_PC11,ligand_PC12,ligand_PC13,ligand_PC14,ligand_PC15,ligand_PC16,ligand_PC17,ligand_PC18,ligand_PC19,ligand_PC20,ligand_PC21,ligand_PC22,ligand_PC23,ligand_PC24,ligand_PC25,F1,F2,F3,F4,[Pd(OAc)2],[Pd(allyl)Cl]2,[Pd2(dba)3],Cs2CO3,K2CO3,K3PO4,KOH,KOMe,KOtBu,KOAc,KF,DIPEA,DBU,none,H2O,AP yield,AP selectivity
0.4123898988064035,0.3144558827656036,0.2019296245752816,0.4425137904957568,0.7665260551203694,0.4843563116527414,0.436342794872858,0.4425539284424258,0.5049426135057171,0.0480386083279359,0.264716094821453,0.5123334153743919,0.9950551473247063,0.5351642357432242,0.5611820076306159,0.3295720562119388,0.3055349487259665,0.7478953408611344,0.5515457260217487,0.2770321299453687,0.418493186965724,0.090729693421905,0.3741422957559894,0.4032028750904733,0.6702159623659952,0.5158730158730158,0.0,0.8656716417910446,0.368421052631579,0.0,0.0,1.0,0.0,0.0,0.0,0.0,0.0,0.0,1.0,0.0,0.0,0.0,1.0,0.0,0.0,0.0
0.2964109767077574,0.7348674958495808,0.2920170127664866,0.7772229069330778,0.3767566994850106,0.1767719148040816,0.2547858640990157,0.4274497360868374,0.3387914774801712,0.1300966335442901,0.4833182901277977,0.6009555908893567,0.4765052134606113,0.2205688244324593,0.5400442104794926,0.9600346368338636,0.530052804246769,0.1605214697937831,0.3453922866925637,0.5120766993606458,0.3544897040002616,0.542021208603173,0.4539510729766396,0.5917085142652678,0.37172094280052,0.8095238095238095,0.6630434782608696,0.6716417910447761,0.1842105263157895,0.0,1.0,0.0,0.0,0.0,0.0,0.0,0.0,0.0,0.0,0.0,0.0,1.0,1.0,0.0,0.0,0.0
0.7310802393087108,0.4746730399534514,0.4682130207711116,0.499890653895595,0.3550337558930935,0.4062557720921537,0.3259741863508016,0.5269178663300533,0.2514753410896681,0.4811988359100475,0.4166049189603216,0.343231196478989,0.5668516967907777,0.0802765010977005,0.5744585926133379,0.1906788574556628,0.5769748793738072,0.6443450755263235,0.173375463828361,0.6890271411645246,0.4133054889741712,0.7051243786956736,0.4584450510134475,0.4276792947729338,0.3014718789055475,0.6507936507936507,0.1521739130434783,0.880597014925373,0.631578947368421,0.0,0.0,1.0,0.0,0.0,1.0,0.0,0.0,0.0,0.0,0.0,0.0,0.0,0.0,1.0,0.0,0.0
0.4930242158539854,0.5883997451281309,0.2475208748255444,0.6611678926932537,0.4699200550275615,0.1642612320669724,0.1769468367235574,0.4124770238413771,0.3791882651433228,0.3816317652683131,0.5053266694827107,0.5412575545554004,0.5136270280991551,0.0966118892066708,0.2689990025166454,0.2952878335396871,0.450469845768422,0.0812779681948843,0.2962932268755542,0.4318408316913131,0.406160381726171,0.0940789559315525,0.3512312644362791,0.328345302907216,0.1581244900236049,0.238095238095238,0.7717391304347827,0.9552238805970148,0.7105263157894737,0.0,1.0,0.0,0.0,0.0,0.0,0.0,0.0,1.0,0.0,0.0,0.0,0.0,0.0,1.0,0.0,0.0
0.6589342154633077,0.5879857079086505,0.2915610816944602,0.8572495740037867,0.3911974643493792,0.1635375388417068,0.4068731870164297,0.2926595593709247,0.2919921257805599,0.4404075821626164,0.2753316547795515,0.5427426354571827,0.4669544547991792,0.4922878944882795,0.4694488340126161,0.457516217087575,0.6771536675657902,0.3516972532587648,0.447993724567061,0.3630983420916258,0.3506790706328769,0.330433905128777,0.5322213207692685,0.5902769979537668,0.3736829644267931,0.5793650793650793,0.3695652173913044,0.6343283582089552,0.131578947368421,0.0,0.0,1.0,0.0,0.0,0.0,1.0,0.0,0.0,0.0,0.0,0.0,0.0,1.0,0.0,0.02824606838,0.0
0.410372698017019,0.9050334492575084,0.4927657445766348,0.0878301650958855,0.4205290933455904,0.3956431703417854,0.3106179511590174,0.2666625970927166,0.4621666818010258,0.6483569094654509,0.2344533817812816,0.455507744917236,0.2932839947788609,0.2203616045195843,0.4456694674284986,0.5331894043388772,0.1995577993690206,0.4064768355466097,0.4912905819665014,0.7112595028946282,0.8010815116230303,0.4079019702693211,0.3945049065870686,0.4227316981158023,0.6183519523872782,0.238095238095238,0.7717391304347827,0.9552238805970148,0.7105263157894737,0.0,1.0,0.0,0.0,1.0,0.0,0.0,0.0,0.0,0.0,0.0,0.0,0.0,0.0,1.0,0.3335827496,0.4427969805
0.3938429915312159,0.3194064915333237,0.048684543965179,0.5308390797877277,0.3214999548515468,0.1269831384769174,0.6237681673242637,0.4346817152549032,0.4567525770063841,0.4248285375933835,0.4906304634824323,0.3577495079991386,0.3825087629220741,0.2949885482327021,0.7256581861138889,0.6270743362215911,0.4335860544158087,0.4816997137425525,0.6184897558999445,0.6300583548897949,0.1805074074736107,0.5587361548768991,0.3748213047739966,0.2847707709584357,0.3735147412416579,0.5634920634920635,0.0217391304347827,0.925373134328358,0.736842105263158,0.0,0.0,1.0,1.0,0.0,0.0,0.0,0.0,0.0,0.0,0.0,0.0,0.0,1.0,0.0,0.2193270639,0.4895649956
0.4106214029552091,0.2414255686199043,0.1925446265581931,0.3606371539112386,0.3651733534776363,0.2421994233237753,0.3980674847368706,0.365674575160992,0.3658044946181882,0.3011811774215425,0.3577445582176181,0.2564769288147435,0.4068424888575323,0.6139600502246289,0.0698014578196635,0.3454102092680242,0.1805369976137628,0.3150039325557742,0.3929034974021382,0.7203499599782867,0.418179297192809,0.0675898201330792,0.5559521933002246,0.5590438690493238,0.2116906648379948,0.8095238095238095,0.6630434782608696,0.6716417910447761,0.1842105263157895,1.0,0.0,0.0,0.0,0.0,1.0,0.0,0.0,0.0,0.0,0.0,0.0,0.0,0.0,1.0,0.0,0.0
0.4783621573795492,0.3142746580678319,0.1315265560361117,0.4776612919273699,0.4210126197989566,0.1504103289264762,0.3027189502462646,0.3293847208834542,0.3962342091110236,0.369719867693067,0.4479455063438114,0.3684384243470125,0.3484850646543783,0.3392158050281468,0.6231456741532501,0.3583726878240653,0.6117427079890532,0.4574351704744361,0.2430235724238922,0.4127908028972246,0.3720823266263499,0.3463104394777817,0.4338639761444586,0.4068820912386384,1.0,0.8095238095238095,0.6630434782608696,0.6716417910447761,0.1842105263157895,1.0,0.0,0.0,0.0,0.0,0.0,0.0,0.0,1.0,0.0,0.0,0.0,0.0,0.0,1.0,0.0,0.0
0.845118092316133,0.6954291767051386,0.2164457427847239,0.7612265224774846,0.3893142823739482,0.3932841349143264,0.1367678749079147,0.5831698717451903,0.4416237734553306,0.5327768944071207,0.2794691503813316,0.5585465237219929,0.3426392701178857,0.7071269057424039,0.1321019264844533,0.5405047576006363,0.5425622584924259,1.0,0.5542013209635828,0.2991218852845632,0.5352284035656498,0.3452585992117621,0.5448530622074979,0.5902108567134655,0.1768697302616318,0.6507936507936507,0.1521739130434783,0.880597014925373,0.631578947368421,1.0,0.0,0.0,0.0,1.0,0.0,0.0,0.0,0.0,0.0,0.0,0.0,0.0,1.0,0.0,0.02514318358,0.0
0.4859780629570833,0.2414582873682554,0.2042618222719841,0.4005198873285391,0.479739926041367,0.1657925569329444,0.2040955283377691,0.3593500980262155,0.2962243301459435,0.6564190111804589,0.7383102874213967,0.3943904785532948,0.5528440444280379,0.3989040308603563,0.5603700922984308,0.4761508491541084,0.5677189033254355,0.4973959455930592,0.7034137223559527,0.3217977347600863,0.3378939652253691,0.1150020980601531,0.4381621210960194,0.5342929947104224,0.4158084481906927,0.8095238095238095,0.6630434782608696,0.6716417910447761,0.1842105263157895,1.0,0.0,0.0,0.0,0.0,0.0,1.0,0.0,0.0,0.0,0.0,0.0,0.0,0.0,1.0,0.0,0.0
0.7310802393087108,0.4746730399534514,0.4682130207711116,0.499890653895595,0.3550337558930935,0.4062557720921537,0.3259741863508016,0.5269178663300533,0.2514753410896681,0.4811988359100475,0.4166049189603216,0.343231196478989,0.5668516967907777,0.0802765010977005,0.5744585926133379,0.1906788574556628,0.5769748793738072,0.6443450755263235,0.173375463828361,0.6890271411645246,0.4133054889741712,0.7051243786956736,0.4584450510134475,0.4276792947729338,0.3014718789055475,0.3333333333333333,0.6630434782608696,1.0,0.7105263157894737,0.0,0.0,1.0,0.0,0.0,1.0,0.0,0.0,0.0,0.0,0.0,0.0,0.0,1.0,0.0,0.01893014968,0.0
0.2355343228310908,0.1635873162229255,0.7120646204762227,0.5397345408017655,0.5448549281401874,0.080007865645835,0.2309923995319914,0.4811609885750313,0.5506630019566121,0.3262782431151264,0.5837145338278643,0.3703249930774314,0.2874348547482722,0.891749291749967,0.3166669123190254,0.1698738619988674,0.6770257179049165,0.3921424897993474,0.7565106138734958,0.6123817717193656,0.3612183241245976,0.5952202473372499,0.5000145205246431,0.5705841219532344,0.4599852765542994,0.8095238095238095,0.6630434782608696,0.6716417910447761,0.1842105263157895,0.0,0.0,1.0,0.0,0.0,0.0,0.0,0.0,0.0,1.0,0.0,0.0,0.0,0.0,1.0,0.4735014004,0.6535353467
0.410372698017019,0.9050334492575084,0.4927657445766348,0.0878301650958855,0.4205290933455904,0.3956431703417854,0.3106179511590174,0.2666625970927166,0.4621666818010258,0.6483569094654509,0.2344533817812816,0.455507744917236,0.2932839947788609,0.2203616045195843,0.4456694674284986,0.5331894043388772,0.1995577993690206,0.4064768355466097,0.4912905819665014,0.7112595028946282,0.8010815116230303,0.4079019702693211,0.3945049065870686,0.4227316981158023,0.6183519523872782,0.238095238095238,0.7717391304347827,0.9552238805970148,0.7105263157894737,1.0,0.0,0.0,0.0,0.0,0.0,0.0,1.0,0.0,0.0,0.0,0.0,0.0,1.0,0.0,0.0,0.0
0.498539945999995,0.4319823612678241,0.1720004300110831,0.4382860727273287,0.4023409138729458,0.0552490438769892,0.5704802065560706,0.3449566673397914,0.3213164556635762,0.4640386453073328,0.4032930387993347,0.2243670011813726,0.3826632551294935,0.3411055192896434,0.1979783985924388,0.4561836397211636,0.0387023326040647,0.573756728169464,0.3951406967877029,0.1919601892947706,0.1836286993705999,0.5257522646852526,0.8330702388923337,0.3344748665089744,0.5674831268418525,0.5793650793650793,0.3695652173913044,0.6343283582089552,0.131578947368421,1.0,0.0,0.0,1.0,0.0,0.0,0.0,0.0,0.0,0.0,0.0,0.0,0.0,1.0,0.0,0.1790222492,0.3382127075
0.5858367845212287,0.6316298599998977,0.0724916745149686,0.5184040820417501,0.4693648730655426,0.1900067481410466,0.1812166825963048,0.6898303288302702,0.3290220917611785,0.4214030970182041,0.5454780237167637,0.4110497709043529,0.4898908680682874,0.2557525641527312,0.4768464862975827,0.252099461538547,0.3264457523780357,0.2325229864373021,0.1830948302568085,0.4309423441941147,0.42973566565768,0.543773220596801,0.7246900918410822,0.4899505271052781,0.7695548757126462,0.6507936507936507,0.1521739130434783,0.880597014925373,0.631578947368421,0.0,0.0,1.0,0.0,0.0,0.0,1.0,0.0,0.0,0.0,0.0,0.0,0.0,0.0,1.0,0.07021773745,0.07666732227
0.6632368126387066,0.7073608899521188,0.4023663559638579,1.0,0.3841815506320141,0.1174057350256812,0.3494839189587231,0.3079386162026496,0.3081839176817006,0.4946409377928794,0.3301306019220092,0.7249666870077811,0.5950415050521016,0.4444106903592004,0.1977604749958098,0.575176014848779,0.7500822713273355,0.5726469378747598,0.4883552592831626,0.5936916822382534,0.6774172051781757,0.3218124097484522,0.7313478573639054,0.6124107124832339,0.3125841781472038,0.5634920634920635,0.0217391304347827,0.925373134328358,0.736842105263158,1.0,0.0,0.0,0.0,0.0,0.0,0.0,0.0,0.0,0.0,0.0,1.0,0.0,1.0,0.0,0.168116864,0.3349119707
0.3813837029305121,0.794658825434633,0.13477055473773,0.5184251915288257,0.3520267384162604,0.3308296261021688,0.2591525632536341,0.6296181105934429,0.2212781831786588,0.0096288939816508,0.5324100503879853,0.2688975620927976,0.3354384013593913,0.3741822193715723,0.8147158350907797,0.6642822558383239,0.2451549757478831,0.3370282826978406,0.4967823103452433,0.3749848304739578,0.589585276015218,0.0861831845775073,0.2264511693049517,0.5997335475749918,0.3111753184477654,1.0,0.7500000000000001,0.7014925373134328,0.3157894736842105,0.0,1.0,0.0,0.0,0.0,0.0,0.0,0.0,0.0,0.0,1.0,0.0,0.0,0.0,1.0,0.0,0.0
0.682128478334036,0.2765615174872149,0.2709116476950015,0.5345863185024459,0.3876398040046346,0.246617160197716,0.3927837090682202,0.4055948598223685,0.3308478316807379,0.4684950731383432,0.2297291416361669,0.3246883624081807,0.3888769607551572,0.2661465127453508,0.8723856845003854,0.0908806905676065,0.2942508263422029,0.2190215507291745,0.7483700353527324,0.2564312638367518,0.3650206108463363,0.3499450998402902,0.6409593656528045,0.3504431023122752,0.4545444878492448,0.6507936507936507,0.1521739130434783,0.880597014925373,0.631578947368421,0.0,0.0,1.0,0.0,0.0,0.0,0.0,0.0,0.0,0.0,0.0,0.0,1.0,0.0,1.0,0.0,0.0
0.6289766589457595,0.8748300251544685,0.2576200307430378,0.2975464005092151,0.4924839338559031,0.2752714796471929,0.2067652522302626,0.3245262268829113,0.6869922435762159,0.504384642673523,0.4748871752344547,0.1968535031236061,0.4741870249554144,0.5622557206602784,0.3477061281280931,0.5494843301024124,0.520809013142024,0.5249211881452465,0.3934358898646336,0.2642017325978,0.3383578180601626,0.3937729987777635,0.3775437434708517,0.3784999259983129,0.1214517630417138,0.1111111111111111,0.8478260869565218,0.0,0.0789473684210526,0.0,1.0,0.0,0.0,0.0,0.0,1.0,0.0,0.0,0.0,0.0,0.0,0.0,1.0,0.0,0.1501640198,0.2233226308
0.4725081650909593,0.2635775385209586,0.0738406455925352,0.2045230985169499,0.4258505023139158,0.3041043905496752,0.3230826312719422,0.5203937980561559,0.3280838269010256,0.4434674866427268,0.5014974870866199,0.3521912672999283,0.4262091636617403,0.2824874248456268,0.1704069859903361,0.6273296329249629,0.5243516170161433,0.4398499676460558,0.8015066994453774,0.2182370106950426,1.0,0.6961110685725765,0.6396546795775587,0.6775477916992784,0.2898614559336889,0.6507936507936507,0.1521739130434783,0.880597014925373,0.631578947368421,1.0,0.0,0.0,0.0,0.0,1.0,0.0,0.0,0.0,0.0,0.0,0.0,0.0,0.0,1.0,0.0834410076,0.1562845167
0.5193106752152821,0.2991856985634203,0.0438046205154287,0.5322542030645798,0.3996081395609276,0.1577707172977344,0.4768387853854686,0.4223155636929277,0.5551601321293554,0.5386323708391348,0.4005162033900699,0.248757454311012,0.488125308598012,0.2558662262531925,0.5501402589778461,0.2187340289099096,0.166792831956159,0.3749247721384537,0.3781003437930169,0.6283764427969084,0.137142192250801,0.4384155174470793,0.6351128154282375,0.7680445130044189,0.1026401434333851,0.1111111111111111,0.8478260869565218,0.0,0.0789473684210526,0.0,1.0,0.0,0.0,0.0,0.0,1.0,0.0,0.0,0.0,0.0,0.0,0.0,1.0,0.0,0.02010194748,0.0
0.4811183378351755,0.2073966283789297,0.0878380954712569,0.4016324205109705,0.446385013680675,0.210620826265572,0.2034299998374113,0.3063074344407855,0.4424124381046711,0.3355974006955081,0.3569995443377273,0.1855796814947657,0.3997523157097128,0.5577944484830388,0.3160118981637109,0.5363826920459288,0.5197942961858935,0.4157151536079104,0.2809018180713364,0.5722166698586235,0.6414517164909439,0.1797158554988486,0.4256873701611023,0.2316611803421428,0.5028251468479104,0.6507936507936507,0.1521739130434783,0.880597014925373,0.631578947368421,0.0,0.0,1.0,1.0,0.0,0.0,0.0,0.0,0.0,0.0,0.0,0.0,0.0,0.0,1.0,0.06979466758,0.1631118614
0.7310802393087108,0.4746730399534514,0.4682130207711116,0.499890653895595,0.3550337558930935,0.4062557720921537,0.3259741863508016,0.5269178663300533,0.2514753410896681,0.4811988359100475,0.4166049189603216,0.343231196478989,0.5668516967907777,0.0802765010977005,0.5744585926133379,0.1906788574556628,0.5769748793738072,0.6443450755263235,0.173375463828361,0.6890271411645246,0.4133054889741712,0.7051243786956736,0.4584450510134475,0.4276792947729338,0.3014718789055475,0.8095238095238095,0.6630434782608696,0.6716417910447761,0.1842105263157895,0.0,1.0,0.0,0.0,0.0,0.0,0.0,1.0,0.0,0.0,0.0,0.0,0.0,1.0,0.0,0.0125777993,0.0
0.6799697985604367,0.2526780466628715,0.3505742541564037,0.4377159488989716,0.3859553928216611,0.295026464676878,0.3613985160926256,0.4109202207344659,0.2970758738634959,0.5482832873805249,0.3124955280516597,0.2165646343745685,0.4681046907511872,0.3425603031178102,0.868463337902067,0.1880571526035402,0.2847243729085627,0.4518549590151395,0.7985235011838083,0.2523851902461742,0.4571157786500153,0.3098471827519735,0.4957144020381997,0.4269861449714785,0.2221987646656096,0.5793650793650793,0.3695652173913044,0.6343283582089552,0.131578947368421,1.0,0.0,0.0,0.0,0.0,0.0,0.0,0.0,0.0,0.0,1.0,0.0,0.0,1.0,0.0,0.3399792194,0.5274404607
0.2598118174588415,0.240850728377077,0.7323806522503258,0.5509902841680754,0.5591313983102528,0.1395283131959717,0.173617012460753,0.4634375340121572,0.5594780198382983,0.1970174804687738,0.628358355233165,0.3697322805224785,0.2497273090559554,0.4169981585354749,0.1480853562140026,0.165286370378393,0.5152538236511311,0.4584182145692568,0.5467356265720745,0.5076070918566213,0.1918607289912499,0.5956658579022096,0.3062884762903966,0.5182653873379357,0.6847779540283501,0.6507936507936507,0.1521739130434783,0.880597014925373,0.631578947368421,0.0,0.0,1.0,0.0,0.0,0.0,0.0,0.0,0.0,0.0,0.0,1.0,0.0,0.0,1.0,0.01628015878,0.0
0.4811183378351755,0.2073966283789297,0.0878380954712569,0.4016324205109705,0.446385013680675,0.210620826265572,0.2034299998374113,0.3063074344407855,0.4424124381046711,0.3355974006955081,0.3569995443377273,0.1855796814947657,0.3997523157097128,0.5577944484830388,0.3160118981637109,0.5363826920459288,0.5197942961858935,0.4157151536079104,0.2809018180713364,0.5722166698586235,0.6414517164909439,0.1797158554988486,0.4256873701611023,0.2316611803421428,0.5028251468479104,0.8095238095238095,0.6630434782608696,0.6716417910447761,0.1842105263157895,1.0,0.0,0.0,0.0,0.0,0.0,0.0,0.0,0.0,0.0,0.0,0.0,1.0,1.0,0.0,0.0,0.0
0.4724988490642151,0.922044172778945,0.36833282208434,0.1784467336400292,0.4973194740674349,0.327373872428376,0.3803816021010227,0.3276818915138811,0.524196583309126,0.5620654071479534,0.3492357659673014,0.3992705820849677,0.4112163548631751,0.2178518370237695,0.6700185221161503,0.2268125888647552,0.4291506044411847,0.3016055220094644,0.8591499947662351,0.799796815184864,0.4834556456377058,0.67914128316289,0.6301503944353168,0.7506561310617141,0.3068007906274205,0.1111111111111111,0.8478260869565218,0.0,0.0789473684210526,0.0,1.0,0.0,0.0,1.0,0.0,0.0,0.0,0.0,0.0,0.0,0.0,0.0,0.0,1.0,0.02875777192,0.0
0.9999999999999998,0.0,0.3274805785092604,0.2322817842270105,0.003966975552736,0.6539424467884349,0.3940238459905009,0.4130198782531141,1.0,0.1243798626719283,1.0,1.0,0.4751336074043896,0.5184604147075573,0.4717804589368666,0.4769328394085051,0.2138312221500259,0.0831830181712814,0.5163100429895383,0.5960801880583293,0.350835930355877,0.2724074634496106,0.5987571899617328,0.4293926199989573,0.5320491533725544,0.8095238095238095,0.6630434782608696,0.6716417910447761,0.1842105263157895,0.0,1.0,0.0,0.0,0.0,0.0,0.0,0.0,0.0,1.0,0.0,0.0,0.0,1.0,0.0,0.0,0.0
0.5080110858319793,0.3314322506567163,0.1527003703366604,0.3798204429939022,0.435090151007582,0.2094820376014674,0.4610922450228684,0.3806499184943197,0.5291866768872717,0.3348149473706791,0.2289394756559241,0.2833095965340996,0.3658939310602759,0.6188036157552843,0.4126126338429563,0.7395436436575373,0.5939813952514356,0.1575157740359653,0.3198337468717364,0.5254522478321114,0.4844596286743052,1.0,0.2204817500715534,0.3072328954269456,0.2149097304797583,0.5793650793650793,0.3695652173913044,0.6343283582089552,0.131578947368421,0.0,1.0,0.0,0.0,0.0,1.0,0.0,0.0,0.0,0.0,0.0,0.0,0.0,1.0,0.0,0.1066667762,0.2219072596
0.4725081650909593,0.2635775385209586,0.0738406455925352,0.2045230985169499,0.4258505023139158,0.3041043905496752,0.3230826312719422,0.5203937980561559,0.3280838269010256,0.4434674866427268,0.5014974870866199,0.3521912672999283,0.4262091636617403,0.2824874248456268,0.1704069859903361,0.6273296329249629,0.5243516170161433,0.4398499676460558,0.8015066994453774,0.2182370106950426,1.0,0.6961110685725765,0.6396546795775587,0.6775477916992784,0.2898614559336889,0.1111111111111111,0.8478260869565218,0.0,0.0789473684210526,1.0,0.0,0.0,1.0,0.0,0.0,0.0,0.0,0.0,0.0,0.0,0.0,0.0,0.0,1.0,0.01023794831,0.0
0.3938429915312159,0.3194064915333237,0.048684543965179,0.5308390797877277,0.3214999548515468,0.1269831384769174,0.6237681673242637,0.4346817152549032,0.4567525770063841,0.4248285375933835,0.4906304634824323,0.3577495079991386,0.3825087629220741,0.2949885482327021,0.7256581861138889,0.6270743362215911,0.4335860544158087,0.4816997137425525,0.6184897558999445,0.6300583548897949,0.1805074074736107,0.5587361548768991,0.3748213047739966,0.2847707709584357,0.3735147412416579,0.5634920634920635,0.0217391304347827,0.925373134328358,0.736842105263158,0.0,0.0,1.0,0.0,0.0,0.0,0.0,0.0,0.0,0.0,0.0,0.0,1.0,0.0,1.0,0.0,0.0
0.4640827177906246,0.2562558777709499,0.0228256841454017,0.4718055247461065,0.4457240772307381,0.1563214127196768,0.4140844791482488,0.3337299240731014,0.5160067515782262,0.4706251831190567,0.4792708767317449,0.3055376223035352,0.4929197338365295,0.2639725419473585,0.433931118591874,0.2017949935691438,0.3429308998111525,0.7082481725347015,0.9061940138873088,0.5199031643290176,0.2714233906026747,0.5527979342086846,0.2990043960206697,0.5661783337187344,0.2808308970129719,0.5634920634920635,0.0217391304347827,0.925373134328358,0.736842105263158,0.0,1.0,0.0,0.0,0.0,0.0,0.0,0.0,1.0,0.0,0.0,0.0,0.0,1.0,0.0,0.0,0.0
0.2658931444880549,0.9441443941052616,0.3153816117207177,0.1847391622675762,0.2591939536959857,0.1787788287682941,1.0,0.2364530954499806,0.0,0.4823563168810706,0.7191043988205122,0.7248407218752011,0.6201878707269884,1.0,0.0,0.4365606354730453,0.3932164810941903,0.5366116420042453,0.3937615554916479,0.4932034946732394,0.3453794250339499,0.3543816214304929,0.3865651557425758,0.2491840462218449,0.3580418710330502,0.8095238095238095,0.6630434782608696,0.6716417910447761,0.1842105263157895,0.0,0.0,1.0,0.0,0.0,0.0,0.0,1.0,0.0,0.0,0.0,0.0,0.0,1.0,0.0,0.4155871458,0.5339606429
0.3832198515559148,0.2770261572951225,0.0341180960041474,0.5350037980180984,0.3383728142081741,0.2300592283681627,0.4871046741312692,0.285052719850866,0.4937811357003172,0.4629476426409377,0.4267936240143095,0.2394149926769471,0.4103074347994292,0.4793485664711681,0.5696634997776701,0.1690006571235652,0.4857736914186733,0.7292031363789022,0.2117058092088298,1.0,0.2312355869399301,0.229427498271885,0.2521732082765038,0.8465038435566352,0.5516371440020862,0.6507936507936507,0.1521739130434783,0.880597014925373,0.631578947368421,1.0,0.0,0.0,1.0,0.0,0.0,0.0,0.0,0.0,0.0,0.0,0.0,0.0,0.0,1.0,0.01817764282,0.0
0.6799697985604367,0.2526780466628715,0.3505742541564037,0.4377159488989716,0.3859553928216611,0.295026464676878,0.3613985160926256,0.4109202207344659,0.2970758738634959,0.5482832873805249,0.3124955280516597,0.2165646343745685,0.4681046907511872,0.3425603031178102,0.868463337902067,0.1880571526035402,0.2847243729085627,0.4518549590151395,0.7985235011838083,0.2523851902461742,0.4571157786500153,0.3098471827519735,0.4957144020381997,0.4269861449714785,0.2221987646656096,0.1111111111111111,0.8478260869565218,0.0,0.0789473684210526,0.0,0.0,1.0,0.0,1.0,0.0,0.0,0.0,0.0,0.0,0.0,0.0,0.0,1.0,0.0,0.08939286734,0.191365453
0.362364165368347,0.0281786244297126,0.4382599873708344,0.202892871504317,0.588187594959162,0.8000314551192159,0.2270802223789824,0.7278652868157153,0.1390905861385267,0.6298308648182127,0.0,0.608710648633846,0.4750256075926865,0.9327498109782206,0.9904131110221336,0.7985666170557519,0.2891570303468964,0.2252710677299257,0.5244066446284112,0.7275422978373058,0.0,0.5328126224731469,0.685383747646939,0.3708044782806797,0.1147953452617215,0.5793650793650793,0.3695652173913044,0.6343283582089552,0.131578947368421,0.0,1.0,0.0,0.0,0.0,0.0,0.0,0.0,0.0,1.0,0.0,0.0,0.0,0.0,1.0,0.0,0.0
0.6632368126387066,0.7073608899521188,0.4023663559638579,1.0,0.3841815506320141,0.1174057350256812,0.3494839189587231,0.3079386162026496,0.3081839176817006,0.4946409377928794,0.3301306019220092,0.7249666870077811,0.5950415050521016,0.4444106903592004,0.1977604749958098,0.575176014848779,0.7500822713273355,0.5726469378747598,0.4883552592831626,0.5936916822382534,0.6774172051781757,0.3218124097484522,0.7313478573639054,0.6124107124832339,0.3125841781472038,0.238095238095238,0.7717391304347827,0.9552238805970148,0.7105263157894737,0.0,0.0,1.0,0.0,0.0,0.0,1.0,0.0,0.0,0.0,0.0,0.0,0.0,1.0,0.0,0.0,0.0
0.4859780629570833,0.2414582873682554,0.2042618222719841,0.4005198873285391,0.479739926041367,0.1657925569329444,0.2040955283377691,0.3593500980262155,0.2962243301459435,0.6564190111804589,0.7383102874213967,0.3943904785532948,0.5528440444280379,0.3989040308603563,0.5603700922984308,0.4761508491541084,0.5677189033254355,0.4973959455930592,0.7034137223559527,0.3217977347600863,0.3378939652253691,0.1150020980601531,0.4381621210960194,0.5342929947104224,0.4158084481906927,0.5634920634920635,0.0217391304347827,0.925373134328358,0.736842105263158,1.0,0.0,0.0,0.0,0.0,0.0,0.0,1.0,0.0,0.0,0.0,0.0,0.0,0.0,1.0,0.03326389855,0.0
0.3719859153077176,0.4429922546934513,0.2363280954265767,0.5533226782681244,0.4097357736699449,0.1144693544128431,0.4302361046542288,0.258276670921265,0.51318902350737,0.0773646779360585,0.4383109579289275,0.5422892606593626,0.4696308846519916,0.3686161774039221,0.5767301798118063,0.4612836780996316,0.3255487844070385,0.3527497914106434,0.3049839432738024,0.2798708980187415,0.5369135682584694,0.978085491270562,0.8002614752460255,0.83568243289129,0.5465771085661169,0.8095238095238095,0.6630434782608696,0.6716417910447761,0.1842105263157895,0.0,0.0,1.0,0.0,0.0,0.0,0.0,0.0,0.0,0.0,1.0,0.0,0.0,1.0,0.0,0.1323502479,0.2726808249
0.3747681180896042,0.3146910723464839,0.0103060405051062,0.563437016767439,0.3402876096262466,0.137360317932085,0.4936338541937351,0.4189562379285321,0.4567365381602531,0.4622037853595139,0.5053881060065234,0.4095911661076228,0.4008080920505656,0.4719867879218409,0.5803838367501305,0.7030194826141437,0.6615965480751889,0.3159913299767826,0.4212742934201507,0.8212820077175189,0.322781766868732,0.6298860270549411,0.460970309038109,0.2621820520857806,0.2333293654257384,0.5793650793650793,0.3695652173913044,0.6343283582089552,0.131578947368421,0.0,1.0,0.0,0.0,0.0,0.0,0.0,0.0,0.0,0.0,0.0,0.0,1.0,1.0,0.0,0.02269999245,0.0
0.448182184784221,0.3073003905646208,0.2396204327266297,0.3939236968318472,0.4615361205108367,0.1606896071589392,0.2328395546082053,0.3318362905521553,0.2091187790868533,0.6192756903959027,0.7503896004015492,0.4400682761137292,0.4962846701018998,0.2251208227781015,0.669331383909318,0.5117231277936132,0.4898212857445424,0.3296649349852138,0.6896690727787034,0.2221450404834528,0.2199890146485241,0.3872847795270651,0.4554396950445041,0.5715210893622944,0.1720563228442759,0.6507936507936507,0.1521739130434783,0.880597014925373,0.631578947368421,0.0,1.0,0.0,0.0,0.0,0.0,0.0,0.0,0.0,0.0,1.0,0.0,0.0,0.0,1.0,0.4208898706,0.601297065
0.2598118174588415,0.240850728377077,0.7323806522503258,0.5509902841680754,0.5591313983102528,0.1395283131959717,0.173617012460753,0.4634375340121572,0.5594780198382983,0.1970174804687738,0.628358355233165,0.3697322805224785,0.2497273090559554,0.4169981585354749,0.1480853562140026,0.165286370378393,0.5152538236511311,0.4584182145692568,0.5467356265720745,0.5076070918566213,0.1918607289912499,0.5956658579022096,0.3062884762903966,0.5182653873379357,0.6847779540283501,0.1111111111111111,0.8478260869565218,0.0,0.0789473684210526,0.0,0.0,1.0,1.0,0.0,0.0,0.0,0.0,0.0,0.0,0.0,0.0,0.0,1.0,0.0,0.02815873349,0.0
0.6556339413636025,0.8750210580233777,0.2752954468490931,0.3210499518933111,0.45694915685706,0.3041931516336573,0.252520362580339,0.4072531131213452,0.6230056200979526,0.5035641404958299,0.4383826930616141,0.17759954835491,0.4711748482070119,0.3640025870395864,0.3461406875387369,0.6386676859779028,0.4064045981556022,0.4065841154336095,0.2622319577005321,0.1139669795719444,0.3417915619818065,0.2636536237477759,0.3565174234742854,0.3514815377605245,0.1480006446535483,0.238095238095238,0.7717391304347827,0.9552238805970148,0.7105263157894737,1.0,0.0,0.0,0.0,0.0,0.0,1.0,0.0,0.0,0.0,0.0,0.0,0.0,0.0,1.0,0.0,0.0
0.6449416016177927,0.6622681108704866,0.432553911536411,0.5208044493939693,0.284402084097278,0.5571200476798392,0.1841375703710131,0.3913661518943725,0.0085327716074058,0.0139249954830598,0.4306998957082945,0.1481373229872137,0.4340819822995855,0.3303030971222904,0.075830001733867,0.3452784615772911,0.3777689327397996,0.5725870713847324,0.6081050673726347,0.7571265465756782,0.3135006063223537,0.5888867286161451,0.4579466469662659,0.5030455847370008,0.2331438236888293,0.8095238095238095,0.6630434782608696,0.6716417910447761,0.1842105263157895,1.0,0.0,0.0,0.0,0.0,1.0,0.0,0.0,0.0,0.0,0.0,0.0,0.0,1.0,0.0,0.3592900674,0.5801606025
0.3140842480740691,0.3961192273708857,0.1827604300305377,0.5657040616991689,0.3212226624631554,0.2726317387424851,0.4117220766534512,0.3342537456340272,0.4478648454085933,0.1601578956170901,0.4105372360826504,0.4035306775819306,0.3906163038095488,0.2676667498382865,0.5567726315889786,0.6940468192408629,0.3469961992173698,0.5578846873184965,0.3227051035687657,0.3769478295143894,0.3371052675363493,0.7070376603606516,0.7403195207725692,0.5575265500518545,0.524905277858414,0.3333333333333333,0.6630434782608696,1.0,0.7105263157894737,1.0,0.0,0.0,0.0,0.0,0.0,0.0,0.0,0.0,0.0,0.0,0.0,1.0,0.0,1.0,0.0,0.0
0.7497454858724419,0.3477696303736129,0.5308404632449628,0.5513048856197552,0.3514778028658242,0.2737073206264413,0.4274661849985721,0.4309928769486413,0.3414820596443834,0.6811417481333822,0.5594316886085429,0.2920423173933882,0.6130975748916545,0.225744675970124,0.602807669979798,0.7686167442363099,0.4224360214609718,0.7293950598397139,0.2190722493960621,0.68842465823592,0.5038625789747262,0.7575172096631926,0.3934264937872319,0.7806270346665108,0.4868832953819876,0.5793650793650793,0.3695652173913044,0.6343283582089552,0.131578947368421,0.0,1.0,0.0,0.0,0.0,0.0,0.0,0.0,0.0,0.0,0.0,1.0,0.0,1.0,0.0,0.05857029087,0.1474485127
0.6589342154633077,0.5879857079086505,0.2915610816944602,0.8572495740037867,0.3911974643493792,0.1635375388417068,0.4068731870164297,0.2926595593709247,0.2919921257805599,0.4404075821626164,0.2753316547795515,0.5427426354571827,0.4669544547991792,0.4922878944882795,0.4694488340126161,0.457516217087575,0.6771536675657902,0.3516972532587648,0.447993724567061,0.3630983420916258,0.3506790706328769,0.330433905128777,0.5322213207692685,0.5902769979537668,0.3736829644267931,0.6507936507936507,0.1521739130434783,0.880597014925373,0.631578947368421,1.0,0.0,0.0,0.0,1.0,0.0,0.0,0.0,0.0,0.0,0.0,0.0,0.0,1.0,0.0,0.0,0.0
0.4351247207084866,0.325487430160852,0.3800033146656042,0.3312780488610011,0.4122380032750663,0.1739561636917094,0.3064616440596472,0.3990161410425167,0.0962193001892198,0.6445804587554577,0.6643441017405709,0.2647980207677466,0.5625430634512424,0.3757165927711418,0.6640774469195019,0.600236502282396,0.3757366524093764,0.4342045235487773,0.2759204405087297,0.4728245557263782,0.3788892089559523,0.2744115624567476,1.0,0.5914315417990973,0.487486366194698,0.6507936507936507,0.1521739130434783,0.880597014925373,0.631578947368421,0.0,1.0,0.0,0.0,0.0,0.0,0.0,0.0,1.0,0.0,0.0,0.0,0.0,0.0,1.0,0.0,0.0
0.3140842480740691,0.3961192273708857,0.1827604300305377,0.5657040616991689,0.3212226624631554,0.2726317387424851,0.4117220766534512,0.3342537456340272,0.4478648454085933,0.1601578956170901,0.4105372360826504,0.4035306775819306,0.3906163038095488,0.2676667498382865,0.5567726315889786,0.6940468192408629,0.3469961992173698,0.5578846873184965,0.3227051035687657,0.3769478295143894,0.3371052675363493,0.7070376603606516,0.7403195207725692,0.5575265500518545,0.524905277858414,0.8095238095238095,0.6630434782608696,0.6716417910447761,0.1842105263157895,1.0,0.0,0.0,0.0,0.0,0.0,0.0,1.0,0.0,0.0,0.0,0.0,0.0,0.0,1.0,0.0,0.0
0.4106214029552091,0.2414255686199043,0.1925446265581931,0.3606371539112386,0.3651733534776363,0.2421994233237753,0.3980674847368706,0.365674575160992,0.3658044946181882,0.3011811774215425,0.3577445582176181,0.2564769288147435,0.4068424888575323,0.6139600502246289,0.0698014578196635,0.3454102092680242,0.1805369976137628,0.3150039325557742,0.3929034974021382,0.7203499599782867,0.418179297192809,0.0675898201330792,0.5559521933002246,0.5590438690493238,0.2116906648379948,0.6507936507936507,0.1521739130434783,0.880597014925373,0.631578947368421,0.0,1.0,0.0,1.0,0.0,0.0,0.0,0.0,0.0,0.0,0.0,0.0,0.0,1.0,0.0,0.275461085,0.3959797227
0.7497454858724419,0.3477696303736129,0.5308404632449628,0.5513048856197552,0.3514778028658242,0.2737073206264413,0.4274661849985721,0.4309928769486413,0.3414820596443834,0.6811417481333822,0.5594316886085429,0.2920423173933882,0.6130975748916545,0.225744675970124,0.602807669979798,0.7686167442363099,0.4224360214609718,0.7293950598397139,0.2190722493960621,0.68842465823592,0.5038625789747262,0.7575172096631926,0.3934264937872319,0.7806270346665108,0.4868832953819876,0.1111111111111111,0.8478260869565218,0.0,0.0789473684210526,0.0,0.0,1.0,0.0,0.0,1.0,0.0,0.0,0.0,0.0,0.0,0.0,0.0,0.0,1.0,0.0,0.0
0.6632368126387066,0.7073608899521188,0.4023663559638579,1.0,0.3841815506320141,0.1174057350256812,0.3494839189587231,0.3079386162026496,0.3081839176817006,0.4946409377928794,0.3301306019220092,0.7249666870077811,0.5950415050521016,0.4444106903592004,0.1977604749958098,0.575176014848779,0.7500822713273355,0.5726469378747598,0.4883552592831626,0.5936916822382534,0.6774172051781757,0.3218124097484522,0.7313478573639054,0.6124107124832339,0.3125841781472038,0.6507936507936507,0.1521739130434783,0.880597014925373,0.631578947368421,0.0,1.0,0.0,0.0,0.0,0.0,0.0,1.0,0.0,0.0,0.0,0.0,0.0,1.0,0.0,0.08875823445,0.1486947868
0.4749814917746053,0.5523385355355962,0.1124601596604261,0.3993083339910267,0.4447810247026268,0.1714657240902787,0.258376036867496,0.5011223435095797,0.2444361076596558,0.463410186930174,0.7130539849187695,0.4260354585343627,0.4625164075904794,0.2685153898476199,0.4021392472324228,0.3413694085396269,0.4184364165698067,0.4881284743948647,0.4483417698345495,0.4718805515789381,0.3634096768352657,0.703597483356532,0.4039212168613637,0.0932253636853624,0.2547001098403648,0.1111111111111111,0.8478260869565218,0.0,0.0789473684210526,1.0,0.0,0.0,0.0,0.0,0.0,0.0,0.0,0.0,0.0,0.0,1.0,0.0,0.0,1.0,0.07505406298,0.1473405543
0.7497454858724419,0.3477696303736129,0.5308404632449628,0.5513048856197552,0.3514778028658242,0.2737073206264413,0.4274661849985721,0.4309928769486413,0.3414820596443834,0.6811417481333822,0.5594316886085429,0.2920423173933882,0.6130975748916545,0.225744675970124,0.602807669979798,0.7686167442363099,0.4224360214609718,0.7293950598397139,0.2190722493960621,0.68842465823592,0.5038625789747262,0.7575172096631926,0.3934264937872319,0.7806270346665108,0.4868832953819876,0.5634920634920635,0.0217391304347827,0.925373134328358,0.736842105263158,0.0,1.0,0.0,0.0,0.0,0.0,0.0,0.0,0.0,1.0,0.0,0.0,0.0,1.0,0.0,0.04451944921,0.0
0.5561748396992323,0.9362687362287114,0.2616697131726875,0.3084769344261105,0.4851972320614489,0.2878201595673658,0.2772471886509197,0.3059877184704291,0.6086639688212482,0.3553553936407068,0.4741001041519664,0.2116583100732858,0.3821454364794017,0.4272563121200157,0.8292417277757851,0.3545514826837846,0.7019006998356535,0.4495603800688237,0.4474611026395349,0.4273984536100396,0.3398329166915401,0.3605059389846405,0.5098651572234607,0.5544530494699165,0.4653870040826009,0.8095238095238095,0.6630434782608696,0.6716417910447761,0.1842105263157895,0.0,0.0,1.0,0.0,1.0,0.0,0.0,0.0,0.0,0.0,0.0,0.0,0.0,0.0,1.0,0.0,0.0
0.7497454858724419,0.3477696303736129,0.5308404632449628,0.5513048856197552,0.3514778028658242,0.2737073206264413,0.4274661849985721,0.4309928769486413,0.3414820596443834,0.6811417481333822,0.5594316886085429,0.2920423173933882,0.6130975748916545,0.225744675970124,0.602807669979798,0.7686167442363099,0.4224360214609718,0.7293950598397139,0.2190722493960621,0.68842465823592,0.5038625789747262,0.7575172096631926,0.3934264937872319,0.7806270346665108,0.4868832953819876,0.1111111111111111,0.8478260869565218,0.0,0.0789473684210526,0.0,0.0,1.0,1.0,0.0,0.0,0.0,0.0,0.0,0.0,0.0,0.0,0.0,0.0,1.0,0.0,0.0
0.4783621573795492,0.3142746580678319,0.1315265560361117,0.4776612919273699,0.4210126197989566,0.1504103289264762,0.3027189502462646,0.3293847208834542,0.3962342091110236,0.369719867693067,0.4479455063438114,0.3684384243470125,0.3484850646543783,0.3392158050281468,0.6231456741532501,0.3583726878240653,0.6117427079890532,0.4574351704744361,0.2430235724238922,0.4127908028972246,0.3720823266263499,0.3463104394777817,0.4338639761444586,0.4068820912386384,1.0,0.6507936507936507,0.1521739130434783,0.880597014925373,0.631578947368421,0.0,1.0,0.0,0.0,0.0,0.0,0.0,1.0,0.0,0.0,0.0,0.0,0.0,1.0,0.0,0.06052845662,0.09725769049
0.314656829040104,0.3785553979562958,0.178985984474791,0.6068015145215496,0.2971088368823595,0.2950402953254666,0.4359481270324668,0.3213738417817176,0.5317054079860934,0.0,0.4000166011477699,0.190885744650294,0.4758454209638564,0.2691479242438962,0.7434222998454398,0.6448547042014866,0.3078078082532843,0.6462699995335419,0.5617977007651985,0.2991166378277866,0.6543212682753679,0.1112450475103302,0.8349307626690581,0.3654565226332729,0.0429912034749497,0.8095238095238095,0.6630434782608696,0.6716417910447761,0.1842105263157895,0.0,1.0,0.0,1.0,0.0,0.0,0.0,0.0,0.0,0.0,0.0,0.0,0.0,0.0,1.0,0.0,0.0
0.7123999975857913,0.3207481197675216,0.1750568462171604,0.6690593150186219,0.3452283064994268,0.201508550148005,0.4444765154362463,0.2955817935113549,0.3765404849099418,0.4954725372293219,0.1200564814180802,0.3545544362566939,0.2255703549333029,0.6810770921769533,0.4338164512419854,0.6111033221515039,0.4860176965506411,0.2738402564234681,0.6509300254325763,0.0477807839806457,0.4195069601967975,0.3580609217720518,0.3062829611331853,0.7963312851334855,0.8390633778202308,0.3333333333333333,0.6630434782608696,1.0,0.7105263157894737,1.0,0.0,0.0,0.0,0.0,0.0,0.0,0.0,0.0,0.0,0.0,0.0,1.0,1.0,0.0,0.01528730986,0.0
0.7310802393087108,0.4746730399534514,0.4682130207711116,0.499890653895595,0.3550337558930935,0.4062557720921537,0.3259741863508016,0.5269178663300533,0.2514753410896681,0.4811988359100475,0.4166049189603216,0.343231196478989,0.5668516967907777,0.0802765010977005,0.5744585926133379,0.1906788574556628,0.5769748793738072,0.6443450755263235,0.173375463828361,0.6890271411645246,0.4133054889741712,0.7051243786956736,0.4584450510134475,0.4276792947729338,0.3014718789055475,0.8095238095238095,0.6630434782608696,0.6716417910447761,0.1842105263157895,0.0,0.0,1.0,0.0,0.0,0.0,0.0,0.0,0.0,0.0,0.0,1.0,0.0,0.0,1.0,0.0,0.0
0.3206179671698912,0.8465775327103018,0.6327700333705696,0.3425458997719915,0.4493587630191293,0.2859431022099392,0.2352669391011886,0.0637336904541525,0.5609367962321169,0.7066639555495027,0.1909027738902964,0.6985784833878654,0.4662119947862341,0.0,0.4931373930337543,0.5378809759000596,0.34401198988264,0.1856449949560295,0.5866440362356928,0.7303346647406931,0.7027900758911525,0.2025100974374125,0.5239028724934732,0.3833772349723903,0.6191806623393732,0.1111111111111111,0.8478260869565218,0.0,0.0789473684210526,0.0,1.0,0.0,0.0,0.0,0.0,0.0,0.0,0.0,0.0,1.0,0.0,0.0,1.0,0.0,0.2053835645,0.3886025504
0.6351142784210414,0.5332107728576889,0.2146113087114689,0.5958268253609998,0.3623578160535662,0.2536536634489373,0.4668120724822911,0.4530286065345598,0.1557081112940919,0.3355068061202007,0.287251226748453,0.3455183662378049,0.4502914840848036,0.4828435181608799,0.8101509922151855,0.4460402340059616,0.5624194355490052,0.0,0.2328987372581158,0.5641004597998689,0.793376449569138,0.6708037920470755,0.4347187923293972,0.2820705286316932,0.4769268264473919,0.5793650793650793,0.3695652173913044,0.6343283582089552,0.131578947368421,0.0,0.0,1.0,0.0,0.0,0.0,0.0,0.0,0.0,0.0,0.0,0.0,1.0,0.0,1.0,0.0,0.0
0.5587140224676339,0.8967346796207643,0.3744237217098545,0.2531078800609472,0.4213674942861281,0.3119498451734336,0.4131947370649516,0.3744077895726001,0.4253294878392535,0.2770620945919692,0.5045910389370362,0.1572903062017901,0.5419872881403106,0.3661491418976678,0.1312207405065086,0.4884930312258336,0.3187906492806575,0.2798327081199544,0.504788081420793,0.2465194085121025,0.3621821651729364,0.3899804230242863,0.2834613912782123,0.4588138751720387,0.2394168813599677,0.6507936507936507,0.1521739130434783,0.880597014925373,0.631578947368421,1.0,0.0,0.0,0.0,0.0,1.0,0.0,0.0,0.0,0.0,0.0,0.0,0.0,0.0,1.0,0.06158622845,0.123243741
0.7497454858724419,0.3477696303736129,0.5308404632449628,0.5513048856197552,0.3514778028658242,0.2737073206264413,0.4274661849985721,0.4309928769486413,0.3414820596443834,0.6811417481333822,0.5594316886085429,0.2920423173933882,0.6130975748916545,0.225744675970124,0.602807669979798,0.7686167442363099,0.4224360214609718,0.7293950598397139,0.2190722493960621,0.68842465823592,0.5038625789747262,0.7575172096631926,0.3934264937872319,0.7806270346665108,0.4868832953819876,0.3333333333333333,0.6630434782608696,1.0,0.7105263157894737,1.0,0.0,0.0,0.0,0.0,0.0,0.0,0.0,0.0,0.0,0.0,0.0,1.0,0.0,1.0,0.0,0.0
0.5147921797966285,0.9896260327685856,0.321820290383141,0.253387370016121,0.4462380018956632,0.1866197700529564,0.5598936291369094,0.3812985612232031,0.4182047039275567,0.379571501791477,0.5589610598130339,0.1380393573157151,0.5602074193462524,0.2754262654414841,0.619851856119225,0.448165308948109,0.450478076970532,0.2432727115421619,0.6605830102781942,0.4497459005999137,0.2993284947976898,0.3838484631790808,0.8805562714942858,0.5700672730490165,0.4300581563920783,0.4761904761904761,0.25,0.6194029850746268,0.0,0.0,1.0,0.0,0.0,0.0,0.0,0.0,0.0,1.0,0.0,0.0,0.0,0.0,1.0,0.0,0.0,0.0
0.4402316783354023,0.237538803876679,0.1302231898707016,0.4066081476081392,0.435086655531878,0.2267817579119308,0.3602287228524318,0.3775038317882777,0.4145071801057062,0.4884297607311198,0.4400148116033383,0.4028046407952206,0.5317999428646559,0.2855797570325681,0.4153879893066556,0.4257345287624855,0.4942020216597798,0.3454433120175541,0.8060844895264552,0.6615790662219334,0.7656755622067775,0.716116242694572,0.4861357781886125,0.5267196396048311,0.0423491723696475,0.0,1.0000000000000002,0.7761194029850745,1.0,1.0,0.0,0.0,0.0,0.0,0.0,0.0,0.0,0.0,0.0,0.0,1.0,0.0,0.0,1.0,0.0,0.0
0.5172299529046888,0.963902556880669,0.2625809334943467,0.2970435968689701,0.4288791084570804,0.1860090336414528,0.5476569234030928,0.4156620509834826,0.5650841657612055,0.345247290667563,0.51691025135153,0.273381665941152,0.3338062136052753,0.3870360241463672,0.7562303799457097,0.6790317701974563,0.5622056147078873,0.2849931822427618,0.7874506367619116,0.6128573249900695,0.4326754259940816,0.2946143653309985,0.5302350606052595,0.5507323442003347,0.3871214033904307,0.5793650793650793,0.3695652173913044,0.6343283582089552,0.131578947368421,0.0,0.0,1.0,0.0,0.0,0.0,0.0,0.0,0.0,0.0,1.0,0.0,0.0,1.0,0.0,0.1066099881,0.1965020882
0.4331972350100481,0.2619809753756999,0.3751200762165181,0.4198092830082434,0.4723121561399728,0.2324746008616548,0.2031472412295509,0.1876281451774399,0.2690256625547887,0.377136570221464,0.6491195224443063,0.1762106187711999,0.7037496848207503,0.7112998861564095,0.8270811188259983,0.2333083814835898,0.8052505020612982,0.2785630711065935,0.2353370468869496,0.7761669590970683,0.8543087473549715,0.186600493777648,0.746301472241012,0.6470356897487812,0.3746845395508563,0.1507936507936508,0.8586956521739131,0.9029850746268656,0.7894736842105263,1.0,0.0,0.0,1.0,0.0,0.0,0.0,0.0,0.0,0.0,0.0,0.0,0.0,0.0,1.0,0.06873161084,0.1256399906
0.498539945999995,0.4319823612678241,0.1720004300110831,0.4382860727273287,0.4023409138729458,0.0552490438769892,0.5704802065560706,0.3449566673397914,0.3213164556635762,0.4640386453073328,0.4032930387993347,0.2243670011813726,0.3826632551294935,0.3411055192896434,0.1979783985924388,0.4561836397211636,0.0387023326040647,0.573756728169464,0.3951406967877029,0.1919601892947706,0.1836286993705999,0.5257522646852526,0.8330702388923337,0.3344748665089744,0.5674831268418525,0.6507936507936507,0.1521739130434783,0.880597014925373,0.631578947368421,0.0,1.0,0.0,0.0,0.0,0.0,1.0,0.0,0.0,0.0,0.0,0.0,0.0,0.0,1.0,0.0,0.0
0.2355343228310908,0.1635873162229255,0.7120646204762227,0.5397345408017655,0.5448549281401874,0.080007865645835,0.2309923995319914,0.4811609885750313,0.5506630019566121,0.3262782431151264,0.5837145338278643,0.3703249930774314,0.2874348547482722,0.891749291749967,0.3166669123190254,0.1698738619988674,0.6770257179049165,0.3921424897993474,0.7565106138734958,0.6123817717193656,0.3612183241245976,0.5952202473372499,0.5000145205246431,0.5705841219532344,0.4599852765542994,0.3333333333333333,0.6630434782608696,1.0,0.7105263157894737,0.0,1.0,0.0,0.0,0.0,0.0,0.0,0.0,1.0,0.0,0.0,0.0,0.0,1.0,0.0,0.0,0.0
0.3140842480740691,0.3961192273708857,0.1827604300305377,0.5657040616991689,0.3212226624631554,0.2726317387424851,0.4117220766534512,0.3342537456340272,0.4478648454085933,0.1601578956170901,0.4105372360826504,0.4035306775819306,0.3906163038095488,0.2676667498382865,0.5567726315889786,0.6940468192408629,0.3469961992173698,0.5578846873184965,0.3227051035687657,0.3769478295143894,0.3371052675363493,0.7070376603606516,0.7403195207725692,0.5575265500518545,0.524905277858414,0.4761904761904761,0.25,0.6194029850746268,0.0,1.0,0.0,0.0,0.0,0.0,0.0,0.0,0.0,0.0,1.0,0.0,0.0,0.0,1.0,0.0,0.03046886267,0.0
0.2355343228310908,0.1635873162229255,0.7120646204762227,0.5397345408017655,0.5448549281401874,0.080007865645835,0.2309923995319914,0.4811609885750313,0.5506630019566121,0.3262782431151264,0.5837145338278643,0.3703249930774314,0.2874348547482722,0.891749291749967,0.3166669123190254,0.1698738619988674,0.6770257179049165,0.3921424897993474,0.7565106138734958,0.6123817717193656,0.3612183241245976,0.5952202473372499,0.5000145205246431,0.5705841219532344,0.4599852765542994,0.6507936507936507,0.1521739130434783,0.880597014925373,0.631578947368421,0.0,0.0,1.0,0.0,1.0,0.0,0.0,0.0,0.0,0.0,0.0,0.0,0.0,0.0,1.0,0.0,0.0
0.3453329505640274,0.4623836515287174,0.1895109292623826,0.5837277580276391,0.3206127544866312,0.2525780919001391,0.3919695586978535,0.3552698097562545,0.4419260699835022,0.1006326867745903,0.4685790474734077,0.2602572358127093,0.4226645781604157,0.1886782426917484,0.7700479883565933,1.0,0.5152946012708263,0.5110590894954397,0.6200510634509464,0.2544015841962601,0.3672246004380562,0.2629521258976731,0.5428205913587324,0.3586653633903402,0.4408250231536847,0.238095238095238,0.7717391304347827,0.9552238805970148,0.7105263157894737,1.0,0.0,0.0,0.0,0.0,0.0,0.0,1.0,0.0,0.0,0.0,0.0,0.0,1.0,0.0,0.0,0.0
0.6449416016177927,0.6622681108704866,0.432553911536411,0.5208044493939693,0.284402084097278,0.5571200476798392,0.1841375703710131,0.3913661518943725,0.0085327716074058,0.0139249954830598,0.4306998957082945,0.1481373229872137,0.4340819822995855,0.3303030971222904,0.075830001733867,0.3452784615772911,0.3777689327397996,0.5725870713847324,0.6081050673726347,0.7571265465756782,0.3135006063223537,0.5888867286161451,0.4579466469662659,0.5030455847370008,0.2331438236888293,0.1111111111111111,0.8478260869565218,0.0,0.0789473684210526,1.0,0.0,0.0,0.0,0.0,0.0,0.0,0.0,0.0,0.0,1.0,0.0,0.0,1.0,0.0,0.2662314345,0.4302231712
0.5680831440775995,1.0,0.2757752854686097,0.376275845686719,0.4486382392095804,0.2095916501849836,0.4721235363109407,0.3891653756369611,0.3772340873937709,0.523959757705225,0.4039108608767075,0.2299686948111347,0.3354316218794146,0.6664111639314068,0.4798407919400587,0.6414322144983616,0.4398593406435184,0.3816867720875018,0.3283200915759154,0.1966402304297427,0.0278076035330671,0.3652743671659401,0.6436384088002799,0.6636992366083388,0.4896150622355099,1.0,0.7500000000000001,0.7014925373134328,0.3157894736842105,0.0,1.0,0.0,0.0,0.0,0.0,1.0,0.0,0.0,0.0,0.0,0.0,0.0,0.0,1.0,0.07003896914,0.07786520326
0.405207902415313,0.2715048114108864,0.1263036177099665,0.3822111629935481,0.4154390713354169,0.1884276232523814,0.4476441281872256,0.3994897576519336,0.3866118950938904,0.3748892249940247,0.4557191283049269,0.4099470719712572,0.48249620012688,0.1298180042252978,0.335949483748014,0.5054357114091802,0.4246734066458218,0.4634149695764126,0.553268020118235,0.4473086903338875,0.5884680746140075,0.6810742437694886,0.3202084432160078,0.3745375357246489,0.4879310283400532,0.4761904761904761,0.25,0.6194029850746268,0.0,0.0,0.0,1.0,1.0,0.0,0.0,0.0,0.0,0.0,0.0,0.0,0.0,0.0,1.0,0.0,0.1804177419,0.2644249175
0.5561748396992323,0.9362687362287114,0.2616697131726875,0.3084769344261105,0.4851972320614489,0.2878201595673658,0.2772471886509197,0.3059877184704291,0.6086639688212482,0.3553553936407068,0.4741001041519664,0.2116583100732858,0.3821454364794017,0.4272563121200157,0.8292417277757851,0.3545514826837846,0.7019006998356535,0.4495603800688237,0.4474611026395349,0.4273984536100396,0.3398329166915401,0.3605059389846405,0.5098651572234607,0.5544530494699165,0.4653870040826009,1.0,0.7500000000000001,0.7014925373134328,0.3157894736842105,1.0,0.0,0.0,0.0,0.0,0.0,0.0,0.0,0.0,1.0,0.0,0.0,0.0,0.0,1.0,0.0,0.0
0.3747681180896042,0.3146910723464839,0.0103060405051062,0.563437016767439,0.3402876096262466,0.137360317932085,0.4936338541937351,0.4189562379285321,0.4567365381602531,0.4622037853595139,0.5053881060065234,0.4095911661076228,0.4008080920505656,0.4719867879218409,0.5803838367501305,0.7030194826141437,0.6615965480751889,0.3159913299767826,0.4212742934201507,0.8212820077175189,0.322781766868732,0.6298860270549411,0.460970309038109,0.2621820520857806,0.2333293654257384,0.4761904761904761,0.25,0.6194029850746268,0.0,0.0,0.0,1.0,0.0,0.0,1.0,0.0,0.0,0.0,0.0,0.0,0.0,0.0,1.0,0.0,0.4658055526,0.5689766258
0.5147921797966285,0.9896260327685856,0.321820290383141,0.253387370016121,0.4462380018956632,0.1866197700529564,0.5598936291369094,0.3812985612232031,0.4182047039275567,0.379571501791477,0.5589610598130339,0.1380393573157151,0.5602074193462524,0.2754262654414841,0.619851856119225,0.448165308948109,0.450478076970532,0.2432727115421619,0.6605830102781942,0.4497459005999137,0.2993284947976898,0.3838484631790808,0.8805562714942858,0.5700672730490165,0.4300581563920783,0.0,1.0000000000000002,0.7761194029850745,1.0,0.0,1.0,0.0,0.0,0.0,0.0,0.0,0.0,0.0,0.0,1.0,0.0,0.0,0.0,1.0,0.06451317106,0.09654774055
0.4351247207084866,0.325487430160852,0.3800033146656042,0.3312780488610011,0.4122380032750663,0.1739561636917094,0.3064616440596472,0.3990161410425167,0.0962193001892198,0.6445804587554577,0.6643441017405709,0.2647980207677466,0.5625430634512424,0.3757165927711418,0.6640774469195019,0.600236502282396,0.3757366524093764,0.4342045235487773,0.2759204405087297,0.4728245557263782,0.3788892089559523,0.2744115624567476,1.0,0.5914315417990973,0.487486366194698,0.8095238095238095,0.6630434782608696,0.6716417910447761,0.1842105263157895,1.0,0.0,0.0,0.0,1.0,0.0,0.0,0.0,0.0,0.0,0.0,0.0,0.0,1.0,0.0,0.06893530882,0.1854651129
0.2355343228310908,0.1635873162229255,0.7120646204762227,0.5397345408017655,0.5448549281401874,0.080007865645835,0.2309923995319914,0.4811609885750313,0.5506630019566121,0.3262782431151264,0.5837145338278643,0.3703249930774314,0.2874348547482722,0.891749291749967,0.3166669123190254,0.1698738619988674,0.6770257179049165,0.3921424897993474,0.7565106138734958,0.6123817717193656,0.3612183241245976,0.5952202473372499,0.5000145205246431,0.5705841219532344,0.4599852765542994,0.5158730158730158,0.0,0.8656716417910446,0.368421052631579,0.0,0.0,1.0,0.0,0.0,0.0,0.0,0.0,1.0,0.0,0.0,0.0,0.0,0.0,1.0,0.0,0.0
0.2355343228310908,0.1635873162229255,0.7120646204762227,0.5397345408017655,0.5448549281401874,0.080007865645835,0.2309923995319914,0.4811609885750313,0.5506630019566121,0.3262782431151264,0.5837145338278643,0.3703249930774314,0.2874348547482722,0.891749291749967,0.3166669123190254,0.1698738619988674,0.6770257179049165,0.3921424897993474,0.7565106138734958,0.6123817717193656,0.3612183241245976,0.5952202473372499,0.5000145205246431,0.5705841219532344,0.4599852765542994,0.1507936507936508,0.8586956521739131,0.9029850746268656,0.7894736842105263,0.0,1.0,0.0,0.0,0.0,0.0,1.0,0.0,0.0,0.0,0.0,0.0,0.0,1.0,0.0,0.0,0.0
0.6556339413636025,0.8750210580233777,0.2752954468490931,0.3210499518933111,0.45694915685706,0.3041931516336573,0.252520362580339,0.4072531131213452,0.6230056200979526,0.5035641404958299,0.4383826930616141,0.17759954835491,0.4711748482070119,0.3640025870395864,0.3461406875387369,0.6386676859779028,0.4064045981556022,0.4065841154336095,0.2622319577005321,0.1139669795719444,0.3417915619818065,0.2636536237477759,0.3565174234742854,0.3514815377605245,0.1480006446535483,0.5793650793650793,0.3695652173913044,0.6343283582089552,0.131578947368421,0.0,1.0,0.0,0.0,0.0,0.0,0.0,0.0,0.0,0.0,0.0,0.0,1.0,0.0,1.0,0.06704272158,0.147751863
0.9999999999999998,0.0,0.3274805785092604,0.2322817842270105,0.003966975552736,0.6539424467884349,0.3940238459905009,0.4130198782531141,1.0,0.1243798626719283,1.0,1.0,0.4751336074043896,0.5184604147075573,0.4717804589368666,0.4769328394085051,0.2138312221500259,0.0831830181712814,0.5163100429895383,0.5960801880583293,0.350835930355877,0.2724074634496106,0.5987571899617328,0.4293926199989573,0.5320491533725544,0.238095238095238,0.7717391304347827,0.9552238805970148,0.7105263157894737,1.0,0.0,0.0,1.0,0.0,0.0,0.0,0.0,0.0,0.0,0.0,0.0,0.0,1.0,0.0,0.0,0.0
0.6107938461200941,0.280548104703101,0.0753906394330873,0.2585821643021868,0.4313243720355705,0.2883937033535753,0.2746890266347236,0.5130070048786628,0.3821844740008134,0.4799794600476118,0.4184597350933438,0.1472129644396189,0.3851437003421916,0.5302950826240588,0.1491729562676178,0.5695684554126477,0.6161355668124271,0.2842189181177334,0.1224955248958173,0.2459391419031179,0.6831166840439646,0.3597309894092317,0.5883444987425862,0.4470504961658783,0.4303838192424985,0.5793650793650793,0.3695652173913044,0.6343283582089552,0.131578947368421,0.0,1.0,0.0,0.0,0.0,0.0,0.0,0.0,0.0,0.0,0.0,0.0,1.0,0.0,1.0,0.04108343299,0.0
0.7310802393087108,0.4746730399534514,0.4682130207711116,0.499890653895595,0.3550337558930935,0.4062557720921537,0.3259741863508016,0.5269178663300533,0.2514753410896681,0.4811988359100475,0.4166049189603216,0.343231196478989,0.5668516967907777,0.0802765010977005,0.5744585926133379,0.1906788574556628,0.5769748793738072,0.6443450755263235,0.173375463828361,0.6890271411645246,0.4133054889741712,0.7051243786956736,0.4584450510134475,0.4276792947729338,0.3014718789055475,0.3333333333333333,0.6630434782608696,1.0,0.7105263157894737,0.0,0.0,1.0,0.0,0.0,0.0,0.0,1.0,0.0,0.0,0.0,0.0,0.0,0.0,1.0,0.009896938408,0.0
0.3699942339467336,0.8569924387883205,0.0,0.6445087520006936,0.3498853698380311,0.3190716856557355,0.3797831556304439,0.6855839582085905,0.3162704491117196,0.3294570966018566,0.6452155295690115,0.3161657925438246,0.4734385720281676,0.5929312695756366,0.730279918757308,0.2829425548635145,0.2447238592023489,0.0960183126760722,0.5858975642113594,0.7715447865336713,0.5421165476059306,0.2689541364652243,0.0,1.0,0.3497927082867701,0.4761904761904761,0.25,0.6194029850746268,0.0,0.0,0.0,1.0,0.0,0.0,0.0,0.0,0.0,0.0,0.0,0.0,1.0,0.0,1.0,0.0,0.07504859236,0.1537831195
0.7310802393087108,0.4746730399534514,0.4682130207711116,0.499890653895595,0.3550337558930935,0.4062557720921537,0.3259741863508016,0.5269178663300533,0.2514753410896681,0.4811988359100475,0.4166049189603216,0.343231196478989,0.5668516967907777,0.0802765010977005,0.5744585926133379,0.1906788574556628,0.5769748793738072,0.6443450755263235,0.173375463828361,0.6890271411645246,0.4133054889741712,0.7051243786956736,0.4584450510134475,0.4276792947729338,0.3014718789055475,0.5793650793650793,0.3695652173913044,0.6343283582089552,0.131578947368421,0.0,0.0,1.0,0.0,0.0,1.0,0.0,0.0,0.0,0.0,0.0,0.0,0.0,0.0,1.0,0.03794369256,0.0
0.3762279689352013,0.8403480519204325,0.1989942650720617,0.4893610487320411,0.3873493784317783,0.3346903527655366,0.2198691876407906,0.5824516637359644,0.2119537920243807,0.0546050798328789,0.540293390867062,0.4273304931045719,0.3188378891801126,0.4952220338217221,0.7814324416061648,0.3409649720220993,0.2268224797143932,0.4035390293397015,0.2284343786220438,0.4975923102985021,0.710705683338871,0.401577080441542,0.4756372481318059,0.637196066716356,0.3019996038579597,0.1507936507936508,0.8586956521739131,0.9029850746268656,0.7894736842105263,0.0,1.0,0.0,0.0,0.0,0.0,1.0,0.0,0.0,0.0,0.0,0.0,0.0,0.0,1.0,0.0,0.0
0.3832198515559148,0.2770261572951225,0.0341180960041474,0.5350037980180984,0.3383728142081741,0.2300592283681627,0.4871046741312692,0.285052719850866,0.4937811357003172,0.4629476426409377,0.4267936240143095,0.2394149926769471,0.4103074347994292,0.4793485664711681,0.5696634997776701,0.1690006571235652,0.4857736914186733,0.7292031363789022,0.2117058092088298,1.0,0.2312355869399301,0.229427498271885,0.2521732082765038,0.8465038435566352,0.5516371440020862,0.4761904761904761,0.25,0.6194029850746268,0.0,0.0,0.0,1.0,0.0,0.0,0.0,0.0,0.0,1.0,0.0,0.0,0.0,0.0,1.0,0.0,0.0,0.0
0.6589342154633077,0.5879857079086505,0.2915610816944602,0.8572495740037867,0.3911974643493792,0.1635375388417068,0.4068731870164297,0.2926595593709247,0.2919921257805599,0.4404075821626164,0.2753316547795515,0.5427426354571827,0.4669544547991792,0.4922878944882795,0.4694488340126161,0.457516217087575,0.6771536675657902,0.3516972532587648,0.447993724567061,0.3630983420916258,0.3506790706328769,0.330433905128777,0.5322213207692685,0.5902769979537668,0.3736829644267931,1.0,0.7500000000000001,0.7014925373134328,0.3157894736842105,0.0,1.0,0.0,0.0,0.0,0.0,0.0,1.0,0.0,0.0,0.0,0.0,0.0,1.0,0.0,0.02693276472,0.0
0.6589342154633077,0.5879857079086505,0.2915610816944602,0.8572495740037867,0.3911974643493792,0.1635375388417068,0.4068731870164297,0.2926595593709247,0.2919921257805599,0.4404075821626164,0.2753316547795515,0.5427426354571827,0.4669544547991792,0.4922878944882795,0.4694488340126161,0.457516217087575,0.6771536675657902,0.3516972532587648,0.447993724567061,0.3630983420916258,0.3506790706328769,0.330433905128777,0.5322213207692685,0.5902769979537668,0.3736829644267931,0.5793650793650793,0.3695652173913044,0.6343283582089552,0.131578947368421,0.0,0.0,1.0,0.0,0.0,0.0,1.0,0.0,0.0,0.0,0.0,0.0,0.0,0.0,1.0,0.3704174938,0.6096186359
0.6799697985604367,0.2526780466628715,0.3505742541564037,0.4377159488989716,0.3859553928216611,0.295026464676878,0.3613985160926256,0.4109202207344659,0.2970758738634959,0.5482832873805249,0.3124955280516597,0.2165646343745685,0.4681046907511872,0.3425603031178102,0.868463337902067,0.1880571526035402,0.2847243729085627,0.4518549590151395,0.7985235011838083,0.2523851902461742,0.4571157786500153,0.3098471827519735,0.4957144020381997,0.4269861449714785,0.2221987646656096,1.0,0.7500000000000001,0.7014925373134328,0.3157894736842105,0.0,1.0,0.0,0.0,0.0,1.0,0.0,0.0,0.0,0.0,0.0,0.0,0.0,1.0,0.0,0.05043574047,0.1557267906
0.5193106752152821,0.2991856985634203,0.0438046205154287,0.5322542030645798,0.3996081395609276,0.1577707172977344,0.4768387853854686,0.4223155636929277,0.5551601321293554,0.5386323708391348,0.4005162033900699,0.248757454311012,0.488125308598012,0.2558662262531925,0.5501402589778461,0.2187340289099096,0.166792831956159,0.3749247721384537,0.3781003437930169,0.6283764427969084,0.137142192250801,0.4384155174470793,0.6351128154282375,0.7680445130044189,0.1026401434333851,0.4761904761904761,0.25,0.6194029850746268,0.0,1.0,0.0,0.0,0.0,0.0,0.0,0.0,0.0,0.0,0.0,1.0,0.0,0.0,0.0,1.0,0.6493720399,0.7986191278
0.410372698017019,0.9050334492575084,0.4927657445766348,0.0878301650958855,0.4205290933455904,0.3956431703417854,0.3106179511590174,0.2666625970927166,0.4621666818010258,0.6483569094654509,0.2344533817812816,0.455507744917236,0.2932839947788609,0.2203616045195843,0.4456694674284986,0.5331894043388772,0.1995577993690206,0.4064768355466097,0.4912905819665014,0.7112595028946282,0.8010815116230303,0.4079019702693211,0.3945049065870686,0.4227316981158023,0.6183519523872782,0.3333333333333333,0.6630434782608696,1.0,0.7105263157894737,0.0,1.0,0.0,0.0,0.0,0.0,0.0,0.0,0.0,1.0,0.0,0.0,0.0,1.0,0.0,0.06142741001,0.1208395786
0.7497454858724419,0.3477696303736129,0.5308404632449628,0.5513048856197552,0.3514778028658242,0.2737073206264413,0.4274661849985721,0.4309928769486413,0.3414820596443834,0.6811417481333822,0.5594316886085429,0.2920423173933882,0.6130975748916545,0.225744675970124,0.602807669979798,0.7686167442363099,0.4224360214609718,0.7293950598397139,0.2190722493960621,0.68842465823592,0.5038625789747262,0.7575172096631926,0.3934264937872319,0.7806270346665108,0.4868832953819876,0.5158730158730158,0.0,0.8656716417910446,0.368421052631579,0.0,1.0,0.0,0.0,0.0,0.0,0.0,0.0,0.0,0.0,1.0,0.0,0.0,0.0,1.0,0.2082584751756946,0.3470213678750668
0.7497454858724419,0.3477696303736129,0.5308404632449628,0.5513048856197552,0.3514778028658242,0.2737073206264413,0.4274661849985721,0.4309928769486413,0.3414820596443834,0.6811417481333822,0.5594316886085429,0.2920423173933882,0.6130975748916545,0.225744675970124,0.602807669979798,0.7686167442363099,0.4224360214609718,0.7293950598397139,0.2190722493960621,0.68842465823592,0.5038625789747262,0.7575172096631926,0.3934264937872319,0.7806270346665108,0.4868832953819876,0.4761904761904761,0.25,0.6194029850746268,0.0,1.0,0.0,0.0,0.0,0.0,0.0,0.0,0.0,0.0,0.0,1.0,0.0,0.0,0.0,1.0,0.1292845061387035,0.2568475757303347
0.7123999975857913,0.3207481197675216,0.1750568462171604,0.6690593150186219,0.3452283064994268,0.201508550148005,0.4444765154362463,0.2955817935113549,0.3765404849099418,0.4954725372293219,0.1200564814180802,0.3545544362566939,0.2255703549333029,0.6810770921769533,0.4338164512419854,0.6111033221515039,0.4860176965506411,0.2738402564234681,0.6509300254325763,0.0477807839806457,0.4195069601967975,0.3580609217720518,0.3062829611331853,0.7963312851334855,0.8390633778202308,0.4761904761904761,0.25,0.6194029850746268,0.0,1.0,0.0,0.0,0.0,0.0,0.0,0.0,0.0,0.0,0.0,1.0,0.0,0.0,0.0,1.0,0.0146145716319657,0.0
0.4811183378351755,0.2073966283789297,0.0878380954712569,0.4016324205109705,0.446385013680675,0.210620826265572,0.2034299998374113,0.3063074344407855,0.4424124381046711,0.3355974006955081,0.3569995443377273,0.1855796814947657,0.3997523157097128,0.5577944484830388,0.3160118981637109,0.5363826920459288,0.5197942961858935,0.4157151536079104,0.2809018180713364,0.5722166698586235,0.6414517164909439,0.1797158554988486,0.4256873701611023,0.2316611803421428,0.5028251468479104,0.5634920634920635,0.0217391304347827,0.925373134328358,0.736842105263158,1.0,0.0,0.0,0.0,0.0,0.0,0.0,0.0,0.0,0.0,1.0,0.0,0.0,0.0,1.0,0.1821391565468064,0.3634427058591818
0.4811183378351755,0.2073966283789297,0.0878380954712569,0.4016324205109705,0.446385013680675,0.210620826265572,0.2034299998374113,0.3063074344407855,0.4424124381046711,0.3355974006955081,0.3569995443377273,0.1855796814947657,0.3997523157097128,0.5577944484830388,0.3160118981637109,0.5363826920459288,0.5197942961858935,0.4157151536079104,0.2809018180713364,0.5722166698586235,0.6414517164909439,0.1797158554988486,0.4256873701611023,0.2316611803421428,0.5028251468479104,0.6507936507936507,0.1521739130434783,0.880597014925373,0.631578947368421,1.0,0.0,0.0,0.0,0.0,0.0,0.0,0.0,0.0,0.0,1.0,0.0,0.0,0.0,1.0,0.331562880993588,0.5350755048834103
0.4744891733029699,0.2641394359124477,0.1939118469748384,0.361711578074058,0.4087051823638087,0.1757517537501978,0.4111743183235123,0.3671617063542418,0.29479557137796,0.3268356243945668,0.4138293772975217,0.2211245950662411,0.5663733678301139,0.5411096331647318,0.0607010254170105,0.4010845831652532,0.3537006158310715,0.0278341561993469,0.3472309577328145,0.5246968053588036,0.5186791604106912,0.1880222649792875,0.5980336980355448,0.4905815495570343,0.5707589954191925,0.5158730158730158,0.0,0.8656716417910446,0.368421052631579,0.0,0.0,1.0,0.0,0.0,0.0,0.0,0.0,0.0,1.0,0.0,0.0,0.0,0.0,1.0,0.3017899322279734,0.574612455425337
0.5318365978317733,0.2197208649513382,0.042095746212259,0.4315070488025357,0.4196840894695808,0.2304105157022996,0.4003595838068611,0.3715634020926348,0.5494905852761464,0.4300781512938766,0.3262576463355803,0.0683825901642022,0.4956260877494299,0.4262270646822711,0.1989126486954718,0.4104233662271846,0.3047840848540933,0.2812819286502272,0.0783824666229973,0.7029062413144878,0.4720346446705149,0.1427097965842808,0.4467537618508466,0.6493121014469964,0.0362077327960459,0.238095238095238,0.7717391304347827,0.9552238805970148,0.7105263157894737,0.0,0.0,1.0,0.0,0.0,0.0,0.0,0.0,0.0,0.0,1.0,0.0,0.0,0.0,1.0,0.3742026415273806,0.5637574158153831
0.5318365978317733,0.2197208649513382,0.042095746212259,0.4315070488025357,0.4196840894695808,0.2304105157022996,0.4003595838068611,0.3715634020926348,0.5494905852761464,0.4300781512938766,0.3262576463355803,0.0683825901642022,0.4956260877494299,0.4262270646822711,0.1989126486954718,0.4104233662271846,0.3047840848540933,0.2812819286502272,0.0783824666229973,0.7029062413144878,0.4720346446705149,0.1427097965842808,0.4467537618508466,0.6493121014469964,0.0362077327960459,0.4761904761904761,0.25,0.6194029850746268,0.0,1.0,0.0,0.0,0.0,0.0,0.0,0.0,0.0,0.0,1.0,0.0,0.0,0.0,0.0,1.0,0.0638481109034947,0.1225849858216636
0.5318365978317733,0.2197208649513382,0.042095746212259,0.4315070488025357,0.4196840894695808,0.2304105157022996,0.4003595838068611,0.3715634020926348,0.5494905852761464,0.4300781512938766,0.3262576463355803,0.0683825901642022,0.4956260877494299,0.4262270646822711,0.1989126486954718,0.4104233662271846,0.3047840848540933,0.2812819286502272,0.0783824666229973,0.7029062413144878,0.4720346446705149,0.1427097965842808,0.4467537618508466,0.6493121014469964,0.0362077327960459,0.4761904761904761,0.25,0.6194029850746268,0.0,1.0,0.0,0.0,0.0,0.0,0.0,0.0,0.0,0.0,0.0,1.0,0.0,0.0,0.0,1.0,0.5503096012426004,0.7441990499070789
0.498539945999995,0.4319823612678241,0.1720004300110831,0.4382860727273287,0.4023409138729458,0.0552490438769892,0.5704802065560706,0.3449566673397914,0.3213164556635762,0.4640386453073328,0.4032930387993347,0.2243670011813726,0.3826632551294935,0.3411055192896434,0.1979783985924388,0.4561836397211636,0.0387023326040647,0.573756728169464,0.3951406967877029,0.1919601892947706,0.1836286993705999,0.5257522646852526,0.8330702388923337,0.3344748665089744,0.5674831268418525,0.4761904761904761,0.25,0.6194029850746268,0.0,0.0,1.0,0.0,0.0,0.0,0.0,0.0,0.0,0.0,0.0,1.0,0.0,0.0,0.0,1.0,0.655264699194972,0.7792846846850863
0.5262062787258298,0.2783043685453386,0.059320273737275,0.4972814563156038,0.4297632114807968,0.1562471305495105,0.4163163559781128,0.4435227674519836,0.5011331354154307,0.4875012978888415,0.3260702614147499,0.2695142055594818,0.4717405025471535,0.174659065555688,0.49342038463344,0.315474612460064,0.256223543184955,0.1659514476048087,0.1849877956247703,0.4866368082187048,0.3695168268081666,0.4552057027547654,0.687698743496839,0.5906475980898079,0.322668729975881,0.5158730158730158,0.0,0.8656716417910446,0.368421052631579,1.0,0.0,0.0,0.0,0.0,0.0,0.0,0.0,0.0,0.0,1.0,0.0,0.0,0.0,1.0,0.509928383098444,0.7256325115883675
0.5262062787258298,0.2783043685453386,0.059320273737275,0.4972814563156038,0.4297632114807968,0.1562471305495105,0.4163163559781128,0.4435227674519836,0.5011331354154307,0.4875012978888415,0.3260702614147499,0.2695142055594818,0.4717405025471535,0.174659065555688,0.49342038463344,0.315474612460064,0.256223543184955,0.1659514476048087,0.1849877956247703,0.4866368082187048,0.3695168268081666,0.4552057027547654,0.687698743496839,0.5906475980898079,0.322668729975881,0.4761904761904761,0.25,0.6194029850746268,0.0,0.0,0.0,1.0,0.0,0.0,0.0,0.0,0.0,0.0,0.0,1.0,0.0,0.0,0.0,1.0,0.3866061400548518,0.5343761188499989
0.5262062787258298,0.2783043685453386,0.059320273737275,0.4972814563156038,0.4297632114807968,0.1562471305495105,0.4163163559781128,0.4435227674519836,0.5011331354154307,0.4875012978888415,0.3260702614147499,0.2695142055594818,0.4717405025471535,0.174659065555688,0.49342038463344,0.315474612460064,0.256223543184955,0.1659514476048087,0.1849877956247703,0.4866368082187048,0.3695168268081666,0.4552057027547654,0.687698743496839,0.5906475980898079,0.322668729975881,0.1111111111111111,0.8478260869565218,0.0,0.0789473684210526,1.0,0.0,0.0,0.0,0.0,0.0,0.0,0.0,0.0,0.0,1.0,0.0,0.0,0.0,1.0,0.6445412756381234,0.7337708256691605
0.5262062787258298,0.2783043685453386,0.059320273737275,0.4972814563156038,0.4297632114807968,0.1562471305495105,0.4163163559781128,0.4435227674519836,0.5011331354154307,0.4875012978888415,0.3260702614147499,0.2695142055594818,0.4717405025471535,0.174659065555688,0.49342038463344,0.315474612460064,0.256223543184955,0.1659514476048087,0.1849877956247703,0.4866368082187048,0.3695168268081666,0.4552057027547654,0.687698743496839,0.5906475980898079,0.322668729975881,0.1111111111111111,0.8478260869565218,0.0,0.0789473684210526,0.0,0.0,1.0,0.0,0.0,0.0,0.0,0.0,0.0,0.0,1.0,0.0,0.0,0.0,1.0,0.5302982564822899,0.6168856699838488
0.5080110858319793,0.3314322506567163,0.1527003703366604,0.3798204429939022,0.435090151007582,0.2094820376014674,0.4610922450228684,0.3806499184943197,0.5291866768872717,0.3348149473706791,0.2289394756559241,0.2833095965340996,0.3658939310602759,0.6188036157552843,0.4126126338429563,0.7395436436575373,0.5939813952514356,0.1575157740359653,0.3198337468717364,0.5254522478321114,0.4844596286743052,1.0,0.2204817500715534,0.3072328954269456,0.2149097304797583,0.5634920634920635,0.0217391304347827,0.925373134328358,0.736842105263158,1.0,0.0,0.0,0.0,0.0,0.0,0.0,0.0,0.0,0.0,1.0,0.0,0.0,0.0,1.0,0.3011878687736055,0.5143285265858071
0.5080110858319793,0.3314322506567163,0.1527003703366604,0.3798204429939022,0.435090151007582,0.2094820376014674,0.4610922450228684,0.3806499184943197,0.5291866768872717,0.3348149473706791,0.2289394756559241,0.2833095965340996,0.3658939310602759,0.6188036157552843,0.4126126338429563,0.7395436436575373,0.5939813952514356,0.1575157740359653,0.3198337468717364,0.5254522478321114,0.4844596286743052,1.0,0.2204817500715534,0.3072328954269456,0.2149097304797583,0.5158730158730158,0.0,0.8656716417910446,0.368421052631579,1.0,0.0,0.0,0.0,0.0,0.0,0.0,0.0,0.0,0.0,1.0,0.0,0.0,0.0,1.0,0.4840924763772302,0.6874388978296508
0.5080110858319793,0.3314322506567163,0.1527003703366604,0.3798204429939022,0.435090151007582,0.2094820376014674,0.4610922450228684,0.3806499184943197,0.5291866768872717,0.3348149473706791,0.2289394756559241,0.2833095965340996,0.3658939310602759,0.6188036157552843,0.4126126338429563,0.7395436436575373,0.5939813952514356,0.1575157740359653,0.3198337468717364,0.5254522478321114,0.4844596286743052,1.0,0.2204817500715534,0.3072328954269456,0.2149097304797583,0.8095238095238095,0.6630434782608696,0.6716417910447761,0.1842105263157895,1.0,0.0,0.0,0.0,0.0,0.0,0.0,0.0,0.0,0.0,1.0,0.0,0.0,0.0,1.0,0.3848285372064927,0.6072379064639691
0.3938429915312159,0.3194064915333237,0.048684543965179,0.5308390797877277,0.3214999548515468,0.1269831384769174,0.6237681673242637,0.4346817152549032,0.4567525770063841,0.4248285375933835,0.4906304634824323,0.3577495079991386,0.3825087629220741,0.2949885482327021,0.7256581861138889,0.6270743362215911,0.4335860544158087,0.4816997137425525,0.6184897558999445,0.6300583548897949,0.1805074074736107,0.5587361548768991,0.3748213047739966,0.2847707709584357,0.3735147412416579,0.5158730158730158,0.0,0.8656716417910446,0.368421052631579,0.0,1.0,0.0,0.0,0.0,0.0,0.0,0.0,0.0,0.0,1.0,0.0,0.0,0.0,1.0,0.6916805709484631,0.819296810621329
0.3938429915312159,0.3194064915333237,0.048684543965179,0.5308390797877277,0.3214999548515468,0.1269831384769174,0.6237681673242637,0.4346817152549032,0.4567525770063841,0.4248285375933835,0.4906304634824323,0.3577495079991386,0.3825087629220741,0.2949885482327021,0.7256581861138889,0.6270743362215911,0.4335860544158087,0.4816997137425525,0.6184897558999445,0.6300583548897949,0.1805074074736107,0.5587361548768991,0.3748213047739966,0.2847707709584357,0.3735147412416579,0.5793650793650793,0.3695652173913044,0.6343283582089552,0.131578947368421,1.0,0.0,0.0,0.0,0.0,0.0,0.0,0.0,0.0,0.0,1.0,0.0,0.0,0.0,1.0,0.1983360214877866,0.3782836575729753
0.4930242158539854,0.5883997451281309,0.2475208748255444,0.6611678926932537,0.4699200550275615,0.1642612320669724,0.1769468367235574,0.4124770238413771,0.3791882651433228,0.3816317652683131,0.5053266694827107,0.5412575545554004,0.5136270280991551,0.0966118892066708,0.2689990025166454,0.2952878335396871,0.450469845768422,0.0812779681948843,0.2962932268755542,0.4318408316913131,0.406160381726171,0.0940789559315525,0.3512312644362791,0.328345302907216,0.1581244900236049,0.4761904761904761,0.25,0.6194029850746268,0.0,1.0,0.0,0.0,0.0,0.0,0.0,0.0,0.0,0.0,0.0,1.0,0.0,0.0,0.0,1.0,0.0,0.0
0.2042568643738569,0.2325679800380808,0.7526055370193205,0.5377335484206867,0.4439021721506936,0.2386871671458069,0.2438962106023142,0.5750413629530332,0.5524355316180559,0.3080424217429918,0.5232270043548068,0.3714229582760722,0.1055815871758042,0.2483762687190568,0.1707332285279785,0.4639016471308183,0.5002105956822585,0.139470830262317,0.1999329878403127,0.1004084284952978,0.2355523916811717,0.536233890956717,0.5811200280688396,0.6311035560970776,0.02062669135556,0.5158730158730158,0.0,0.8656716417910446,0.368421052631579,1.0,0.0,0.0,0.0,0.0,0.0,0.0,0.0,0.0,0.0,1.0,0.0,0.0,0.0,1.0,0.0449236204883282,0.0
0.2042568643738569,0.2325679800380808,0.7526055370193205,0.5377335484206867,0.4439021721506936,0.2386871671458069,0.2438962106023142,0.5750413629530332,0.5524355316180559,0.3080424217429918,0.5232270043548068,0.3714229582760722,0.1055815871758042,0.2483762687190568,0.1707332285279785,0.4639016471308183,0.5002105956822585,0.139470830262317,0.1999329878403127,0.1004084284952978,0.2355523916811717,0.536233890956717,0.5811200280688396,0.6311035560970776,0.02062669135556,0.4761904761904761,0.25,0.6194029850746268,0.0,0.0,0.0,1.0,0.0,0.0,0.0,0.0,0.0,0.0,1.0,0.0,0.0,0.0,0.0,1.0,0.0286955139061032,0.0
0.4859780629570833,0.2414582873682554,0.2042618222719841,0.4005198873285391,0.479739926041367,0.1657925569329444,0.2040955283377691,0.3593500980262155,0.2962243301459435,0.6564190111804589,0.7383102874213967,0.3943904785532948,0.5528440444280379,0.3989040308603563,0.5603700922984308,0.4761508491541084,0.5677189033254355,0.4973959455930592,0.7034137223559527,0.3217977347600863,0.3378939652253691,0.1150020980601531,0.4381621210960194,0.5342929947104224,0.4158084481906927,0.5158730158730158,0.0,0.8656716417910446,0.368421052631579,0.0,0.0,1.0,0.0,0.0,0.0,0.0,0.0,0.0,0.0,1.0,0.0,0.0,0.0,1.0,0.5943948319294037,0.7472851755873016
0.4859780629570833,0.2414582873682554,0.2042618222719841,0.4005198873285391,0.479739926041367,0.1657925569329444,0.2040955283377691,0.3593500980262155,0.2962243301459435,0.6564190111804589,0.7383102874213967,0.3943904785532948,0.5528440444280379,0.3989040308603563,0.5603700922984308,0.4761508491541084,0.5677189033254355,0.4973959455930592,0.7034137223559527,0.3217977347600863,0.3378939652253691,0.1150020980601531,0.4381621210960194,0.5342929947104224,0.4158084481906927,0.4761904761904761,0.25,0.6194029850746268,0.0,1.0,0.0,0.0,0.0,0.0,0.0,0.0,0.0,0.0,0.0,1.0,0.0,0.0,0.0,1.0,0.5042623813227547,0.6865244774972928
0.4859780629570833,0.2414582873682554,0.2042618222719841,0.4005198873285391,0.479739926041367,0.1657925569329444,0.2040955283377691,0.3593500980262155,0.2962243301459435,0.6564190111804589,0.7383102874213967,0.3943904785532948,0.5528440444280379,0.3989040308603563,0.5603700922984308,0.4761508491541084,0.5677189033254355,0.4973959455930592,0.7034137223559527,0.3217977347600863,0.3378939652253691,0.1150020980601531,0.4381621210960194,0.5342929947104224,0.4158084481906927,0.1111111111111111,0.8478260869565218,0.0,0.0789473684210526,0.0,1.0,0.0,0.0,0.0,0.0,0.0,0.0,0.0,0.0,1.0,0.0,0.0,0.0,1.0,0.4701841953709368,0.6093978504957892
0.5714446880969448,0.298278451109425,0.3810190582387399,0.4620099654361988,0.2839124937018579,0.4774198994334218,0.2301434901962306,0.153121147196809,0.0619308570128116,0.1156400847301759,0.3000956423076287,0.1711857046799326,0.328671916410545,0.2533142403091684,0.3381687767905833,0.2542934682246452,0.2536172319070947,0.2036207163186255,1.0,0.2596353962303288,0.1284163192973104,0.3575044967827654,0.3208102197124952,0.3463372292013364,0.580954407544558,0.5158730158730158,0.0,0.8656716417910446,0.368421052631579,0.0,0.0,1.0,0.0,0.0,0.0,0.0,0.0,0.0,0.0,1.0,0.0,0.0,0.0,1.0,0.3947495649722536,0.6021542899549736
0.5714446880969448,0.298278451109425,0.3810190582387399,0.4620099654361988,0.2839124937018579,0.4774198994334218,0.2301434901962306,0.153121147196809,0.0619308570128116,0.1156400847301759,0.3000956423076287,0.1711857046799326,0.328671916410545,0.2533142403091684,0.3381687767905833,0.2542934682246452,0.2536172319070947,0.2036207163186255,1.0,0.2596353962303288,0.1284163192973104,0.3575044967827654,0.3208102197124952,0.3463372292013364,0.580954407544558,0.4761904761904761,0.25,0.6194029850746268,0.0,1.0,0.0,0.0,0.0,0.0,0.0,0.0,0.0,0.0,0.0,1.0,0.0,0.0,0.0,1.0,0.0558774074104858,0.1138237201270955
0.6449416016177927,0.6622681108704866,0.432553911536411,0.5208044493939693,0.284402084097278,0.5571200476798392,0.1841375703710131,0.3913661518943725,0.0085327716074058,0.0139249954830598,0.4306998957082945,0.1481373229872137,0.4340819822995855,0.3303030971222904,0.075830001733867,0.3452784615772911,0.3777689327397996,0.5725870713847324,0.6081050673726347,0.7571265465756782,0.3135006063223537,0.5888867286161451,0.4579466469662659,0.5030455847370008,0.2331438236888293,0.4761904761904761,0.25,0.6194029850746268,0.0,1.0,0.0,0.0,0.0,0.0,0.0,0.0,0.0,0.0,0.0,1.0,0.0,0.0,0.0,1.0,0.1225511737667951,0.2477837789830405
0.6449416016177927,0.6622681108704866,0.432553911536411,0.5208044493939693,0.284402084097278,0.5571200476798392,0.1841375703710131,0.3913661518943725,0.0085327716074058,0.0139249954830598,0.4306998957082945,0.1481373229872137,0.4340819822995855,0.3303030971222904,0.075830001733867,0.3452784615772911,0.3777689327397996,0.5725870713847324,0.6081050673726347,0.7571265465756782,0.3135006063223537,0.5888867286161451,0.4579466469662659,0.5030455847370008,0.2331438236888293,0.4761904761904761,0.25,0.6194029850746268,0.0,0.0,0.0,1.0,0.0,0.0,0.0,0.0,0.0,0.0,1.0,0.0,0.0,0.0,0.0,1.0,0.0553224225482241,0.1187702439663777
0.6449416016177927,0.6622681108704866,0.432553911536411,0.5208044493939693,0.284402084097278,0.5571200476798392,0.1841375703710131,0.3913661518943725,0.0085327716074058,0.0139249954830598,0.4306998957082945,0.1481373229872137,0.4340819822995855,0.3303030971222904,0.075830001733867,0.3452784615772911,0.3777689327397996,0.5725870713847324,0.6081050673726347,0.7571265465756782,0.3135006063223537,0.5888867286161451,0.4579466469662659,0.5030455847370008,0.2331438236888293,0.4761904761904761,0.25,0.6194029850746268,0.0,0.0,0.0,1.0,0.0,0.0,0.0,0.0,0.0,0.0,0.0,1.0,0.0,0.0,0.0,1.0,0.4312536215804261,0.6115748051231922
0.269728792501744,0.2415057361138734,0.2888641913715659,0.2780602588205237,0.297520993686952,0.3929426124369914,0.3672816433681901,0.3371407993871411,0.2892652805773137,0.7046728410197745,0.2399673493914239,0.5976664680707573,0.3230074769596768,0.1059315244942861,0.3728925725427848,0.4165350799019681,0.1661397195760268,0.703718709335674,0.0,0.3574911019337002,0.7270969809733027,0.4094132373288918,0.1861617858559797,0.4248233553200546,0.4512332777805975,0.5158730158730158,0.0,0.8656716417910446,0.368421052631579,1.0,0.0,0.0,0.0,0.0,0.0,0.0,0.0,0.0,0.0,1.0,0.0,0.0,0.0,1.0,0.1975463515245131,0.3230713670934774
0.269728792501744,0.2415057361138734,0.2888641913715659,0.2780602588205237,0.297520993686952,0.3929426124369914,0.3672816433681901,0.3371407993871411,0.2892652805773137,0.7046728410197745,0.2399673493914239,0.5976664680707573,0.3230074769596768,0.1059315244942861,0.3728925725427848,0.4165350799019681,0.1661397195760268,0.703718709335674,0.0,0.3574911019337002,0.7270969809733027,0.4094132373288918,0.1861617858559797,0.4248233553200546,0.4512332777805975,0.1111111111111111,0.8478260869565218,0.0,0.0789473684210526,1.0,0.0,0.0,0.0,0.0,0.0,0.0,0.0,0.0,0.0,1.0,0.0,0.0,0.0,1.0,0.4819006141115236,0.6294108374976713
0.269728792501744,0.2415057361138734,0.2888641913715659,0.2780602588205237,0.297520993686952,0.3929426124369914,0.3672816433681901,0.3371407993871411,0.2892652805773137,0.7046728410197745,0.2399673493914239,0.5976664680707573,0.3230074769596768,0.1059315244942861,0.3728925725427848,0.4165350799019681,0.1661397195760268,0.703718709335674,0.0,0.3574911019337002,0.7270969809733027,0.4094132373288918,0.1861617858559797,0.4248233553200546,0.4512332777805975,0.1111111111111111,0.8478260869565218,0.0,0.0789473684210526,0.0,1.0,0.0,0.0,0.0,0.0,0.0,0.0,0.0,0.0,1.0,0.0,0.0,0.0,1.0,0.9372665136893672,0.9372665136893672
0.3832198515559148,0.2770261572951225,0.0341180960041474,0.5350037980180984,0.3383728142081741,0.2300592283681627,0.4871046741312692,0.285052719850866,0.4937811357003172,0.4629476426409377,0.4267936240143095,0.2394149926769471,0.4103074347994292,0.4793485664711681,0.5696634997776701,0.1690006571235652,0.4857736914186733,0.7292031363789022,0.2117058092088298,1.0,0.2312355869399301,0.229427498271885,0.2521732082765038,0.8465038435566352,0.5516371440020862,0.5158730158730158,0.0,0.8656716417910446,0.368421052631579,1.0,0.0,0.0,0.0,0.0,0.0,0.0,0.0,0.0,0.0,1.0,0.0,0.0,0.0,1.0,0.3736461965530221,0.5971769299195412
0.3832198515559148,0.2770261572951225,0.0341180960041474,0.5350037980180984,0.3383728142081741,0.2300592283681627,0.4871046741312692,0.285052719850866,0.4937811357003172,0.4629476426409377,0.4267936240143095,0.2394149926769471,0.4103074347994292,0.4793485664711681,0.5696634997776701,0.1690006571235652,0.4857736914186733,0.7292031363789022,0.2117058092088298,1.0,0.2312355869399301,0.229427498271885,0.2521732082765038,0.8465038435566352,0.5516371440020862,0.1111111111111111,0.8478260869565218,0.0,0.0789473684210526,1.0,0.0,0.0,0.0,0.0,0.0,0.0,0.0,0.0,0.0,1.0,0.0,0.0,0.0,1.0,0.667220975420435,0.7984976620344315
0.3832198515559148,0.2770261572951225,0.0341180960041474,0.5350037980180984,0.3383728142081741,0.2300592283681627,0.4871046741312692,0.285052719850866,0.4937811357003172,0.4629476426409377,0.4267936240143095,0.2394149926769471,0.4103074347994292,0.4793485664711681,0.5696634997776701,0.1690006571235652,0.4857736914186733,0.7292031363789022,0.2117058092088298,1.0,0.2312355869399301,0.229427498271885,0.2521732082765038,0.8465038435566352,0.5516371440020862,1.0,0.7500000000000001,0.7014925373134328,0.3157894736842105,1.0,0.0,0.0,0.0,0.0,0.0,0.0,0.0,0.0,0.0,1.0,0.0,0.0,0.0,1.0,0.1324495424186062,0.2732788752098255
0.6799697985604367,0.2526780466628715,0.3505742541564037,0.4377159488989716,0.3859553928216611,0.295026464676878,0.3613985160926256,0.4109202207344659,0.2970758738634959,0.5482832873805249,0.3124955280516597,0.2165646343745685,0.4681046907511872,0.3425603031178102,0.868463337902067,0.1880571526035402,0.2847243729085627,0.4518549590151395,0.7985235011838083,0.2523851902461742,0.4571157786500153,0.3098471827519735,0.4957144020381997,0.4269861449714785,0.2221987646656096,0.5158730158730158,0.0,0.8656716417910446,0.368421052631579,1.0,0.0,0.0,0.0,0.0,0.0,0.0,0.0,0.0,0.0,1.0,0.0,0.0,0.0,1.0,0.0562233106867624,0.1320922094582131
0.6799697985604367,0.2526780466628715,0.3505742541564037,0.4377159488989716,0.3859553928216611,0.295026464676878,0.3613985160926256,0.4109202207344659,0.2970758738634959,0.5482832873805249,0.3124955280516597,0.2165646343745685,0.4681046907511872,0.3425603031178102,0.868463337902067,0.1880571526035402,0.2847243729085627,0.4518549590151395,0.7985235011838083,0.2523851902461742,0.4571157786500153,0.3098471827519735,0.4957144020381997,0.4269861449714785,0.2221987646656096,0.5793650793650793,0.3695652173913044,0.6343283582089552,0.131578947368421,1.0,0.0,0.0,0.0,0.0,0.0,0.0,0.0,0.0,0.0,1.0,0.0,0.0,0.0,1.0,0.078572930588911,0.1707697549951779
0.4640827177906246,0.2562558777709499,0.0228256841454017,0.4718055247461065,0.4457240772307381,0.1563214127196768,0.4140844791482488,0.3337299240731014,0.5160067515782262,0.4706251831190567,0.4792708767317449,0.3055376223035352,0.4929197338365295,0.2639725419473585,0.433931118591874,0.2017949935691438,0.3429308998111525,0.7082481725347015,0.9061940138873088,0.5199031643290176,0.2714233906026747,0.5527979342086846,0.2990043960206697,0.5661783337187344,0.2808308970129719,0.5158730158730158,0.0,0.8656716417910446,0.368421052631579,0.0,1.0,0.0,0.0,0.0,0.0,0.0,0.0,0.0,0.0,1.0,0.0,0.0,0.0,1.0,0.5736575701467705,0.6909495280992721
0.4640827177906246,0.2562558777709499,0.0228256841454017,0.4718055247461065,0.4457240772307381,0.1563214127196768,0.4140844791482488,0.3337299240731014,0.5160067515782262,0.4706251831190567,0.4792708767317449,0.3055376223035352,0.4929197338365295,0.2639725419473585,0.433931118591874,0.2017949935691438,0.3429308998111525,0.7082481725347015,0.9061940138873088,0.5199031643290176,0.2714233906026747,0.5527979342086846,0.2990043960206697,0.5661783337187344,0.2808308970129719,0.4761904761904761,0.25,0.6194029850746268,0.0,0.0,0.0,1.0,0.0,0.0,0.0,0.0,0.0,0.0,0.0,1.0,0.0,0.0,0.0,1.0,0.4098022532167997,0.5265191797415284
0.4640827177906246,0.2562558777709499,0.0228256841454017,0.4718055247461065,0.4457240772307381,0.1563214127196768,0.4140844791482488,0.3337299240731014,0.5160067515782262,0.4706251831190567,0.4792708767317449,0.3055376223035352,0.4929197338365295,0.2639725419473585,0.433931118591874,0.2017949935691438,0.3429308998111525,0.7082481725347015,0.9061940138873088,0.5199031643290176,0.2714233906026747,0.5527979342086846,0.2990043960206697,0.5661783337187344,0.2808308970129719,0.1111111111111111,0.8478260869565218,0.0,0.0789473684210526,0.0,1.0,0.0,0.0,0.0,0.0,0.0,0.0,0.0,0.0,1.0,0.0,0.0,0.0,1.0,0.433214435224839,0.5910462193307684
0.4640827177906246,0.2562558777709499,0.0228256841454017,0.4718055247461065,0.4457240772307381,0.1563214127196768,0.4140844791482488,0.3337299240731014,0.5160067515782262,0.4706251831190567,0.4792708767317449,0.3055376223035352,0.4929197338365295,0.2639725419473585,0.433931118591874,0.2017949935691438,0.3429308998111525,0.7082481725347015,0.9061940138873088,0.5199031643290176,0.2714233906026747,0.5527979342086846,0.2990043960206697,0.5661783337187344,0.2808308970129719,0.8095238095238095,0.6630434782608696,0.6716417910447761,0.1842105263157895,1.0,0.0,0.0,0.0,0.0,0.0,0.0,0.0,0.0,0.0,1.0,0.0,0.0,0.0,1.0,0.3319781840911309,0.5191646912120347
0.6277582142287395,0.3768550010449283,0.6324648617414695,0.5011232866970207,0.2552139053876472,0.5134205739428999,0.3160399549449566,0.2523702707418292,0.0379781993433731,0.1055726671913689,0.5659130902357336,0.0,0.590292040138046,0.2006838410544087,0.3480559343467666,0.8829012612722535,0.4088152299860386,0.6234347883136404,0.4064974898986972,0.791624577561899,0.2222542273054276,0.6321975698249507,0.455063942995221,0.7072590783301282,0.420253865258257,0.1507936507936508,0.8586956521739131,0.9029850746268656,0.7894736842105263,0.0,0.0,1.0,0.0,0.0,0.0,0.0,0.0,0.0,0.0,1.0,0.0,0.0,0.0,1.0,0.0103467123825806,0.0
0.6277582142287395,0.3768550010449283,0.6324648617414695,0.5011232866970207,0.2552139053876472,0.5134205739428999,0.3160399549449566,0.2523702707418292,0.0379781993433731,0.1055726671913689,0.5659130902357336,0.0,0.590292040138046,0.2006838410544087,0.3480559343467666,0.8829012612722535,0.4088152299860386,0.6234347883136404,0.4064974898986972,0.791624577561899,0.2222542273054276,0.6321975698249507,0.455063942995221,0.7072590783301282,0.420253865258257,0.5793650793650793,0.3695652173913044,0.6343283582089552,0.131578947368421,0.0,1.0,0.0,0.0,0.0,0.0,0.0,0.0,0.0,0.0,1.0,0.0,0.0,0.0,1.0,0.0299964549958743,0.0
0.4175357049847059,0.2474234102438096,0.1421178917001159,0.3958648756101636,0.3465429278185519,0.4179479397241384,0.1887393471808553,0.3016668955773494,0.3139354990432134,0.1893538184140651,0.4274107216063039,0.1752838306571543,0.484027911742338,0.3140379938017438,0.3452139099556569,0.5898680958125144,0.7318172437889263,0.3074903151664666,0.5847404549150239,0.7139606950281164,0.6005783481336043,0.2580074835631332,0.6733767092653982,0.0,0.4184664429571854,1.0,0.7500000000000001,0.7014925373134328,0.3157894736842105,0.0,1.0,0.0,0.0,0.0,0.0,0.0,0.0,0.0,0.0,1.0,0.0,0.0,0.0,1.0,0.2808614613975558,0.3954852329227584
0.405207902415313,0.2715048114108864,0.1263036177099665,0.3822111629935481,0.4154390713354169,0.1884276232523814,0.4476441281872256,0.3994897576519336,0.3866118950938904,0.3748892249940247,0.4557191283049269,0.4099470719712572,0.48249620012688,0.1298180042252978,0.335949483748014,0.5054357114091802,0.4246734066458218,0.4634149695764126,0.553268020118235,0.4473086903338875,0.5884680746140075,0.6810742437694886,0.3202084432160078,0.3745375357246489,0.4879310283400532,0.6507936507936507,0.1521739130434783,0.880597014925373,0.631578947368421,1.0,0.0,0.0,0.0,0.0,0.0,0.0,0.0,0.0,0.0,1.0,0.0,0.0,0.0,1.0,0.0897476261371685,0.1750821341084393
0.405207902415313,0.2715048114108864,0.1263036177099665,0.3822111629935481,0.4154390713354169,0.1884276232523814,0.4476441281872256,0.3994897576519336,0.3866118950938904,0.3748892249940247,0.4557191283049269,0.4099470719712572,0.48249620012688,0.1298180042252978,0.335949483748014,0.5054357114091802,0.4246734066458218,0.4634149695764126,0.553268020118235,0.4473086903338875,0.5884680746140075,0.6810742437694886,0.3202084432160078,0.3745375357246489,0.4879310283400532,0.5793650793650793,0.3695652173913044,0.6343283582089552,0.131578947368421,1.0,0.0,0.0,0.0,0.0,0.0,0.0,0.0,0.0,0.0,1.0,0.0,0.0,0.0,1.0,0.3184342724220109,0.4966724794114121
0.2355343228310908,0.1635873162229255,0.7120646204762227,0.5397345408017655,0.5448549281401874,0.080007865645835,0.2309923995319914,0.4811609885750313,0.5506630019566121,0.3262782431151264,0.5837145338278643,0.3703249930774314,0.2874348547482722,0.891749291749967,0.3166669123190254,0.1698738619988674,0.6770257179049165,0.3921424897993474,0.7565106138734958,0.6123817717193656,0.3612183241245976,0.5952202473372499,0.5000145205246431,0.5705841219532344,0.4599852765542994,0.3333333333333333,0.6630434782608696,1.0,0.7105263157894737,0.0,1.0,0.0,0.0,0.0,0.0,0.0,0.0,0.0,0.0,1.0,0.0,0.0,0.0,1.0,0.5160154069563405,0.5418583172536877
0.2355343228310908,0.1635873162229255,0.7120646204762227,0.5397345408017655,0.5448549281401874,0.080007865645835,0.2309923995319914,0.4811609885750313,0.5506630019566121,0.3262782431151264,0.5837145338278643,0.3703249930774314,0.2874348547482722,0.891749291749967,0.3166669123190254,0.1698738619988674,0.6770257179049165,0.3921424897993474,0.7565106138734958,0.6123817717193656,0.3612183241245976,0.5952202473372499,0.5000145205246431,0.5705841219532344,0.4599852765542994,0.5158730158730158,0.0,0.8656716417910446,0.368421052631579,0.0,0.0,1.0,0.0,0.0,0.0,0.0,0.0,0.0,0.0,0.0,1.0,0.0,0.0,1.0,0.2268176989877762,0.374236421757648
0.2355343228310908,0.1635873162229255,0.7120646204762227,0.5397345408017655,0.5448549281401874,0.080007865645835,0.2309923995319914,0.4811609885750313,0.5506630019566121,0.3262782431151264,0.5837145338278643,0.3703249930774314,0.2874348547482722,0.891749291749967,0.3166669123190254,0.1698738619988674,0.6770257179049165,0.3921424897993474,0.7565106138734958,0.6123817717193656,0.3612183241245976,0.5952202473372499,0.5000145205246431,0.5705841219532344,0.4599852765542994,0.4761904761904761,0.25,0.6194029850746268,0.0,1.0,0.0,0.0,0.0,0.0,0.0,0.0,0.0,0.0,0.0,1.0,0.0,0.0,0.0,1.0,0.2788245417391129,0.4960695250790201
0.2355343228310908,0.1635873162229255,0.7120646204762227,0.5397345408017655,0.5448549281401874,0.080007865645835,0.2309923995319914,0.4811609885750313,0.5506630019566121,0.3262782431151264,0.5837145338278643,0.3703249930774314,0.2874348547482722,0.891749291749967,0.3166669123190254,0.1698738619988674,0.6770257179049165,0.3921424897993474,0.7565106138734958,0.6123817717193656,0.3612183241245976,0.5952202473372499,0.5000145205246431,0.5705841219532344,0.4599852765542994,0.1111111111111111,0.8478260869565218,0.0,0.0789473684210526,0.0,1.0,0.0,0.0,0.0,0.0,0.0,0.0,0.0,0.0,1.0,0.0,0.0,0.0,1.0,0.3952789136448063,0.5905275460326725
0.448182184784221,0.3073003905646208,0.2396204327266297,0.3939236968318472,0.4615361205108367,0.1606896071589392,0.2328395546082053,0.3318362905521553,0.2091187790868533,0.6192756903959027,0.7503896004015492,0.4400682761137292,0.4962846701018998,0.2251208227781015,0.669331383909318,0.5117231277936132,0.4898212857445424,0.3296649349852138,0.6896690727787034,0.2221450404834528,0.2199890146485241,0.3872847795270651,0.4554396950445041,0.5715210893622944,0.1720563228442759,0.5158730158730158,0.0,0.8656716417910446,0.368421052631579,1.0,0.0,0.0,0.0,0.0,0.0,0.0,0.0,0.0,0.0,1.0,0.0,0.0,0.0,1.0,0.3814128962475902,0.5885417975264744
0.448182184784221,0.3073003905646208,0.2396204327266297,0.3939236968318472,0.4615361205108367,0.1606896071589392,0.2328395546082053,0.3318362905521553,0.2091187790868533,0.6192756903959027,0.7503896004015492,0.4400682761137292,0.4962846701018998,0.2251208227781015,0.669331383909318,0.5117231277936132,0.4898212857445424,0.3296649349852138,0.6896690727787034,0.2221450404834528,0.2199890146485241,0.3872847795270651,0.4554396950445041,0.5715210893622944,0.1720563228442759,0.1111111111111111,0.8478260869565218,0.0,0.0789473684210526,1.0,0.0,0.0,0.0,0.0,0.0,0.0,0.0,0.0,0.0,1.0,0.0,0.0,0.0,1.0,0.5127444131971967,0.6335811647287601
0.6632368126387066,0.7073608899521188,0.4023663559638579,1.0,0.3841815506320141,0.1174057350256812,0.3494839189587231,0.3079386162026496,0.3081839176817006,0.4946409377928794,0.3301306019220092,0.7249666870077811,0.5950415050521016,0.4444106903592004,0.1977604749958098,0.575176014848779,0.7500822713273355,0.5726469378747598,0.4883552592831626,0.5936916822382534,0.6774172051781757,0.3218124097484522,0.7313478573639054,0.6124107124832339,0.3125841781472038,0.5158730158730158,0.0,0.8656716417910446,0.368421052631579,0.0,0.0,1.0,0.0,0.0,0.0,0.0,0.0,0.0,0.0,1.0,0.0,0.0,0.0,1.0,0.6146823739370574,0.7736107205571984
0.6632368126387066,0.7073608899521188,0.4023663559638579,1.0,0.3841815506320141,0.1174057350256812,0.3494839189587231,0.3079386162026496,0.3081839176817006,0.4946409377928794,0.3301306019220092,0.7249666870077811,0.5950415050521016,0.4444106903592004,0.1977604749958098,0.575176014848779,0.7500822713273355,0.5726469378747598,0.4883552592831626,0.5936916822382534,0.6774172051781757,0.3218124097484522,0.7313478573639054,0.6124107124832339,0.3125841781472038,0.4761904761904761,0.25,0.6194029850746268,0.0,1.0,0.0,0.0,0.0,0.0,0.0,0.0,0.0,0.0,0.0,1.0,0.0,0.0,0.0,1.0,0.6085854670892786,0.7897349806584808
0.2598118174588415,0.240850728377077,0.7323806522503258,0.5509902841680754,0.5591313983102528,0.1395283131959717,0.173617012460753,0.4634375340121572,0.5594780198382983,0.1970174804687738,0.628358355233165,0.3697322805224785,0.2497273090559554,0.4169981585354749,0.1480853562140026,0.165286370378393,0.5152538236511311,0.4584182145692568,0.5467356265720745,0.5076070918566213,0.1918607289912499,0.5956658579022096,0.3062884762903966,0.5182653873379357,0.6847779540283501,0.4761904761904761,0.25,0.6194029850746268,0.0,1.0,0.0,0.0,0.0,0.0,0.0,0.0,0.0,0.0,0.0,1.0,0.0,0.0,0.0,1.0,0.2833700812173426,0.5082581350392424
0.3747681180896042,0.3146910723464839,0.0103060405051062,0.563437016767439,0.3402876096262466,0.137360317932085,0.4936338541937351,0.4189562379285321,0.4567365381602531,0.4622037853595139,0.5053881060065234,0.4095911661076228,0.4008080920505656,0.4719867879218409,0.5803838367501305,0.7030194826141437,0.6615965480751889,0.3159913299767826,0.4212742934201507,0.8212820077175189,0.322781766868732,0.6298860270549411,0.460970309038109,0.2621820520857806,0.2333293654257384,0.3333333333333333,0.6630434782608696,1.0,0.7105263157894737,1.0,0.0,0.0,0.0,0.0,0.0,0.0,0.0,0.0,0.0,1.0,0.0,0.0,0.0,1.0,0.3817653711864723,0.5815344827718599
0.3747681180896042,0.3146910723464839,0.0103060405051062,0.563437016767439,0.3402876096262466,0.137360317932085,0.4936338541937351,0.4189562379285321,0.4567365381602531,0.4622037853595139,0.5053881060065234,0.4095911661076228,0.4008080920505656,0.4719867879218409,0.5803838367501305,0.7030194826141437,0.6615965480751889,0.3159913299767826,0.4212742934201507,0.8212820077175189,0.322781766868732,0.6298860270549411,0.460970309038109,0.2621820520857806,0.2333293654257384,0.5158730158730158,0.0,0.8656716417910446,0.368421052631579,1.0,0.0,0.0,0.0,0.0,0.0,0.0,0.0,0.0,0.0,1.0,0.0,0.0,0.0,1.0,0.3162004845267528,0.543327131484623
0.3747681180896042,0.3146910723464839,0.0103060405051062,0.563437016767439,0.3402876096262466,0.137360317932085,0.4936338541937351,0.4189562379285321,0.4567365381602531,0.4622037853595139,0.5053881060065234,0.4095911661076228,0.4008080920505656,0.4719867879218409,0.5803838367501305,0.7030194826141437,0.6615965480751889,0.3159913299767826,0.4212742934201507,0.8212820077175189,0.322781766868732,0.6298860270549411,0.460970309038109,0.2621820520857806,0.2333293654257384,0.5793650793650793,0.3695652173913044,0.6343283582089552,0.131578947368421,0.0,0.0,1.0,0.0,0.0,0.0,0.0,0.0,0.0,0.0,1.0,0.0,0.0,0.0,1.0,0.6089668843808274,0.717815918830366
0.5193106752152821,0.2991856985634203,0.0438046205154287,0.5322542030645798,0.3996081395609276,0.1577707172977344,0.4768387853854686,0.4223155636929277,0.5551601321293554,0.5386323708391348,0.4005162033900699,0.248757454311012,0.488125308598012,0.2558662262531925,0.5501402589778461,0.2187340289099096,0.166792831956159,0.3749247721384537,0.3781003437930169,0.6283764427969084,0.137142192250801,0.4384155174470793,0.6351128154282375,0.7680445130044189,0.1026401434333851,0.6507936507936507,0.1521739130434783,0.880597014925373,0.631578947368421,1.0,0.0,0.0,0.0,0.0,0.0,0.0,0.0,0.0,0.0,1.0,0.0,0.0,0.0,1.0,0.2167167468477016,0.3992061062958325
0.5193106752152821,0.2991856985634203,0.0438046205154287,0.5322542030645798,0.3996081395609276,0.1577707172977344,0.4768387853854686,0.4223155636929277,0.5551601321293554,0.5386323708391348,0.4005162033900699,0.248757454311012,0.488125308598012,0.2558662262531925,0.5501402589778461,0.2187340289099096,0.166792831956159,0.3749247721384537,0.3781003437930169,0.6283764427969084,0.137142192250801,0.4384155174470793,0.6351128154282375,0.7680445130044189,0.1026401434333851,0.5158730158730158,0.0,0.8656716417910446,0.368421052631579,0.0,1.0,0.0,0.0,0.0,0.0,0.0,0.0,0.0,0.0,1.0,0.0,0.0,0.0,1.0,0.5578985474244333,0.730176538816279
0.5193106752152821,0.2991856985634203,0.0438046205154287,0.5322542030645798,0.3996081395609276,0.1577707172977344,0.4768387853854686,0.4223155636929277,0.5551601321293554,0.5386323708391348,0.4005162033900699,0.248757454311012,0.488125308598012,0.2558662262531925,0.5501402589778461,0.2187340289099096,0.166792831956159,0.3749247721384537,0.3781003437930169,0.6283764427969084,0.137142192250801,0.4384155174470793,0.6351128154282375,0.7680445130044189,0.1026401434333851,0.5793650793650793,0.3695652173913044,0.6343283582089552,0.131578947368421,1.0,0.0,0.0,0.0,0.0,0.0,0.0,0.0,0.0,0.0,1.0,0.0,0.0,0.0,1.0,0.3958243715190926,0.6149322192114373
0.5193106752152821,0.2991856985634203,0.0438046205154287,0.5322542030645798,0.3996081395609276,0.1577707172977344,0.4768387853854686,0.4223155636929277,0.5551601321293554,0.5386323708391348,0.4005162033900699,0.248757454311012,0.488125308598012,0.2558662262531925,0.5501402589778461,0.2187340289099096,0.166792831956159,0.3749247721384537,0.3781003437930169,0.6283764427969084,0.137142192250801,0.4384155174470793,0.6351128154282375,0.7680445130044189,0.1026401434333851,0.1111111111111111,0.8478260869565218,0.0,0.0789473684210526,1.0,0.0,0.0,0.0,0.0,0.0,0.0,0.0,0.0,0.0,1.0,0.0,0.0,0.0,1.0,0.7771824100400057,0.8166017595220134
0.5193106752152821,0.2991856985634203,0.0438046205154287,0.5322542030645798,0.3996081395609276,0.1577707172977344,0.4768387853854686,0.4223155636929277,0.5551601321293554,0.5386323708391348,0.4005162033900699,0.248757454311012,0.488125308598012,0.2558662262531925,0.5501402589778461,0.2187340289099096,0.166792831956159,0.3749247721384537,0.3781003437930169,0.6283764427969084,0.137142192250801,0.4384155174470793,0.6351128154282375,0.7680445130044189,0.1026401434333851,1.0,0.7500000000000001,0.7014925373134328,0.3157894736842105,1.0,0.0,0.0,0.0,0.0,0.0,0.0,0.0,0.0,0.0,1.0,0.0,0.0,0.0,1.0,0.3110519274874713,0.4841698446665387
0.5193106752152821,0.2991856985634203,0.0438046205154287,0.5322542030645798,0.3996081395609276,0.1577707172977344,0.4768387853854686,0.4223155636929277,0.5551601321293554,0.5386323708391348,0.4005162033900699,0.248757454311012,0.488125308598012,0.2558662262531925,0.5501402589778461,0.2187340289099096,0.166792831956159,0.3749247721384537,0.3781003437930169,0.6283764427969084,0.137142192250801,0.4384155174470793,0.6351128154282375,0.7680445130044189,0.1026401434333851,1.0,0.7500000000000001,0.7014925373134328,0.3157894736842105,0.0,1.0,0.0,0.0,0.0,0.0,0.0,0.0,0.0,0.0,1.0,0.0,0.0,0.0,1.0,0.3415192875882287,0.5477026338670545
0.606792470427111,0.403937015839357,0.110295855304943,0.9583260016846732,1.0,0.994886976828897,0.8080657494116139,0.1371279168461666,0.3008199443897619,0.5265498793845717,0.9628554406422776,0.2836039644563969,0.0,0.2831365551045604,0.4072543067768681,0.5242743269670358,0.301943822806261,0.3220777476811906,0.3818607428746906,0.5285559042571352,0.673492358955574,0.4114452964466031,0.5794512558560431,0.4133868788997509,0.3928042876365788,0.3333333333333333,0.6630434782608696,1.0,0.7105263157894737,0.0,1.0,0.0,0.0,0.0,1.0,0.0,0.0,0.0,0.0,0.0,0.0,0.0,0.0,1.0,0.0068888825928937,0.0
0.606792470427111,0.403937015839357,0.110295855304943,0.9583260016846732,1.0,0.994886976828897,0.8080657494116139,0.1371279168461666,0.3008199443897619,0.5265498793845717,0.9628554406422776,0.2836039644563969,0.0,0.2831365551045604,0.4072543067768681,0.5242743269670358,0.301943822806261,0.3220777476811906,0.3818607428746906,0.5285559042571352,0.673492358955574,0.4114452964466031,0.5794512558560431,0.4133868788997509,0.3928042876365788,0.4761904761904761,0.25,0.6194029850746268,0.0,0.0,1.0,0.0,0.0,0.0,0.0,0.0,0.0,0.0,0.0,1.0,0.0,0.0,0.0,1.0,0.0,0.0
0.5181843681568313,0.1728415109573113,0.0788120149376669,0.0833421429006691,0.374457354934977,0.3582595450965123,0.3320711773143905,0.5344282003054325,0.2877993759987708,0.4429603150180274,0.5628844960261956,0.255907256147621,0.4219841799715573,0.4279789797309027,0.3275994248085524,0.7446476374565905,0.5940569696300637,0.3233106352240527,0.7570783285686963,0.0097382894241986,0.9582969762502924,0.5085172608080222,0.3777075107858694,0.945430738395686,0.6569703099797366,0.5158730158730158,0.0,0.8656716417910446,0.368421052631579,0.0,1.0,0.0,0.0,0.0,0.0,0.0,0.0,0.0,0.0,1.0,0.0,0.0,0.0,1.0,0.047587383377964,0.0
0.5181843681568313,0.1728415109573113,0.0788120149376669,0.0833421429006691,0.374457354934977,0.3582595450965123,0.3320711773143905,0.5344282003054325,0.2877993759987708,0.4429603150180274,0.5628844960261956,0.255907256147621,0.4219841799715573,0.4279789797309027,0.3275994248085524,0.7446476374565905,0.5940569696300637,0.3233106352240527,0.7570783285686963,0.0097382894241986,0.9582969762502924,0.5085172608080222,0.3777075107858694,0.945430738395686,0.6569703099797366,0.4761904761904761,0.25,0.6194029850746268,0.0,1.0,0.0,0.0,0.0,0.0,0.0,0.0,0.0,0.0,0.0,1.0,0.0,0.0,0.0,1.0,0.3137999190983585,0.4811084364124883
0.4402316783354023,0.237538803876679,0.1302231898707016,0.4066081476081392,0.435086655531878,0.2267817579119308,0.3602287228524318,0.3775038317882777,0.4145071801057062,0.4884297607311198,0.4400148116033383,0.4028046407952206,0.5317999428646559,0.2855797570325681,0.4153879893066556,0.4257345287624855,0.4942020216597798,0.3454433120175541,0.8060844895264552,0.6615790662219334,0.7656755622067775,0.716116242694572,0.4861357781886125,0.5267196396048311,0.0423491723696475,0.5158730158730158,0.0,0.8656716417910446,0.368421052631579,1.0,0.0,0.0,0.0,0.0,0.0,0.0,0.0,0.0,0.0,1.0,0.0,0.0,0.0,1.0,0.0579416443187495,0.1261872136850974
0.4402316783354023,0.237538803876679,0.1302231898707016,0.4066081476081392,0.435086655531878,0.2267817579119308,0.3602287228524318,0.3775038317882777,0.4145071801057062,0.4884297607311198,0.4400148116033383,0.4028046407952206,0.5317999428646559,0.2855797570325681,0.4153879893066556,0.4257345287624855,0.4942020216597798,0.3454433120175541,0.8060844895264552,0.6615790662219334,0.7656755622067775,0.716116242694572,0.4861357781886125,0.5267196396048311,0.0423491723696475,0.4761904761904761,0.25,0.6194029850746268,0.0,0.0,1.0,0.0,0.0,0.0,0.0,0.0,0.0,0.0,0.0,1.0,0.0,0.0,0.0,1.0,0.0238543698938751,0.0
0.4402316783354023,0.237538803876679,0.1302231898707016,0.4066081476081392,0.435086655531878,0.2267817579119308,0.3602287228524318,0.3775038317882777,0.4145071801057062,0.4884297607311198,0.4400148116033383,0.4028046407952206,0.5317999428646559,0.2855797570325681,0.4153879893066556,0.4257345287624855,0.4942020216597798,0.3454433120175541,0.8060844895264552,0.6615790662219334,0.7656755622067775,0.716116242694572,0.4861357781886125,0.5267196396048311,0.0423491723696475,0.4761904761904761,0.25,0.6194029850746268,0.0,0.0,0.0,1.0,0.0,0.0,0.0,0.0,0.0,0.0,0.0,1.0,0.0,0.0,0.0,1.0,0.0428029554064284,0.0
0.4402316783354023,0.237538803876679,0.1302231898707016,0.4066081476081392,0.435086655531878,0.2267817579119308,0.3602287228524318,0.3775038317882777,0.4145071801057062,0.4884297607311198,0.4400148116033383,0.4028046407952206,0.5317999428646559,0.2855797570325681,0.4153879893066556,0.4257345287624855,0.4942020216597798,0.3454433120175541,0.8060844895264552,0.6615790662219334,0.7656755622067775,0.716116242694572,0.4861357781886125,0.5267196396048311,0.0423491723696475,0.1111111111111111,0.8478260869565218,0.0,0.0789473684210526,1.0,0.0,0.0,0.0,0.0,0.0,0.0,0.0,0.0,0.0,1.0,0.0,0.0,0.0,1.0,0.0,0.0
0.4106214029552091,0.2414255686199043,0.1925446265581931,0.3606371539112386,0.3651733534776363,0.2421994233237753,0.3980674847368706,0.365674575160992,0.3658044946181882,0.3011811774215425,0.3577445582176181,0.2564769288147435,0.4068424888575323,0.6139600502246289,0.0698014578196635,0.3454102092680242,0.1805369976137628,0.3150039325557742,0.3929034974021382,0.7203499599782867,0.418179297192809,0.0675898201330792,0.5559521933002246,0.5590438690493238,0.2116906648379948,0.5158730158730158,0.0,0.8656716417910446,0.368421052631579,0.0,0.0,1.0,0.0,0.0,0.0,0.0,0.0,0.0,0.0,1.0,0.0,0.0,0.0,1.0,0.4811225557191161,0.6198734144562436
0.4123898988064035,0.3144558827656036,0.2019296245752816,0.4425137904957568,0.7665260551203694,0.4843563116527414,0.436342794872858,0.4425539284424258,0.5049426135057171,0.0480386083279359,0.264716094821453,0.5123334153743919,0.9950551473247063,0.5351642357432242,0.5611820076306159,0.3295720562119388,0.3055349487259665,0.7478953408611344,0.5515457260217487,0.2770321299453687,0.418493186965724,0.090729693421905,0.3741422957559894,0.4032028750904733,0.6702159623659952,0.3333333333333333,0.6630434782608696,1.0,0.7105263157894737,1.0,0.0,0.0,0.0,0.0,0.0,0.0,0.0,0.0,0.0,0.0,0.0,1.0,0.0,1.0,0.0238363538139853,0.0
0.4123898988064035,0.3144558827656036,0.2019296245752816,0.4425137904957568,0.7665260551203694,0.4843563116527414,0.436342794872858,0.4425539284424258,0.5049426135057171,0.0480386083279359,0.264716094821453,0.5123334153743919,0.9950551473247063,0.5351642357432242,0.5611820076306159,0.3295720562119388,0.3055349487259665,0.7478953408611344,0.5515457260217487,0.2770321299453687,0.418493186965724,0.090729693421905,0.3741422957559894,0.4032028750904733,0.6702159623659952,0.5158730158730158,0.0,0.8656716417910446,0.368421052631579,1.0,0.0,0.0,0.0,0.0,0.0,0.0,0.0,0.0,0.0,1.0,0.0,0.0,0.0,1.0,0.0967925099679603,0.1897867151769523
0.4123898988064035,0.3144558827656036,0.2019296245752816,0.4425137904957568,0.7665260551203694,0.4843563116527414,0.436342794872858,0.4425539284424258,0.5049426135057171,0.0480386083279359,0.264716094821453,0.5123334153743919,0.9950551473247063,0.5351642357432242,0.5611820076306159,0.3295720562119388,0.3055349487259665,0.7478953408611344,0.5515457260217487,0.2770321299453687,0.418493186965724,0.090729693421905,0.3741422957559894,0.4032028750904733,0.6702159623659952,0.5158730158730158,0.0,0.8656716417910446,0.368421052631579,0.0,0.0,1.0,0.0,0.0,0.0,0.0,0.0,0.0,0.0,1.0,0.0,0.0,0.0,1.0,0.3120538031175282,0.4852278081392068
0.4123898988064035,0.3144558827656036,0.2019296245752816,0.4425137904957568,0.7665260551203694,0.4843563116527414,0.436342794872858,0.4425539284424258,0.5049426135057171,0.0480386083279359,0.264716094821453,0.5123334153743919,0.9950551473247063,0.5351642357432242,0.5611820076306159,0.3295720562119388,0.3055349487259665,0.7478953408611344,0.5515457260217487,0.2770321299453687,0.418493186965724,0.090729693421905,0.3741422957559894,0.4032028750904733,0.6702159623659952,0.4761904761904761,0.25,0.6194029850746268,0.0,1.0,0.0,0.0,0.0,0.0,0.0,0.0,0.0,0.0,0.0,1.0,0.0,0.0,0.0,1.0,0.2251296485132105,0.3891402764257418
0.9999999999999998,0.0,0.3274805785092604,0.2322817842270105,0.003966975552736,0.6539424467884349,0.3940238459905009,0.4130198782531141,1.0,0.1243798626719283,1.0,1.0,0.4751336074043896,0.5184604147075573,0.4717804589368666,0.4769328394085051,0.2138312221500259,0.0831830181712814,0.5163100429895383,0.5960801880583293,0.350835930355877,0.2724074634496106,0.5987571899617328,0.4293926199989573,0.5320491533725544,0.0,1.0000000000000002,0.7761194029850745,1.0,0.0,0.0,1.0,0.0,0.0,0.0,0.0,0.0,0.0,0.0,1.0,0.0,0.0,0.0,1.0,0.0,0.0
0.9999999999999998,0.0,0.3274805785092604,0.2322817842270105,0.003966975552736,0.6539424467884349,0.3940238459905009,0.4130198782531141,1.0,0.1243798626719283,1.0,1.0,0.4751336074043896,0.5184604147075573,0.4717804589368666,0.4769328394085051,0.2138312221500259,0.0831830181712814,0.5163100429895383,0.5960801880583293,0.350835930355877,0.2724074634496106,0.5987571899617328,0.4293926199989573,0.5320491533725544,0.1507936507936508,0.8586956521739131,0.9029850746268656,0.7894736842105263,1.0,0.0,0.0,0.0,0.0,0.0,0.0,0.0,0.0,0.0,1.0,0.0,0.0,0.0,1.0,0.0075350484800574,0.0
0.9999999999999998,0.0,0.3274805785092604,0.2322817842270105,0.003966975552736,0.6539424467884349,0.3940238459905009,0.4130198782531141,1.0,0.1243798626719283,1.0,1.0,0.4751336074043896,0.5184604147075573,0.4717804589368666,0.4769328394085051,0.2138312221500259,0.0831830181712814,0.5163100429895383,0.5960801880583293,0.350835930355877,0.2724074634496106,0.5987571899617328,0.4293926199989573,0.5320491533725544,0.5634920634920635,0.0217391304347827,0.925373134328358,0.736842105263158,0.0,1.0,0.0,0.0,0.0,0.0,0.0,0.0,0.0,0.0,1.0,0.0,0.0,0.0,1.0,0.0,0.0
0.9999999999999998,0.0,0.3274805785092604,0.2322817842270105,0.003966975552736,0.6539424467884349,0.3940238459905009,0.4130198782531141,1.0,0.1243798626719283,1.0,1.0,0.4751336074043896,0.5184604147075573,0.4717804589368666,0.4769328394085051,0.2138312221500259,0.0831830181712814,0.5163100429895383,0.5960801880583293,0.350835930355877,0.2724074634496106,0.5987571899617328,0.4293926199989573,0.5320491533725544,0.5158730158730158,0.0,0.8656716417910446,0.368421052631579,1.0,0.0,0.0,0.0,0.0,0.0,0.0,0.0,0.0,0.0,1.0,0.0,0.0,0.0,1.0,0.0,0.0
0.9999999999999998,0.0,0.3274805785092604,0.2322817842270105,0.003966975552736,0.6539424467884349,0.3940238459905009,0.4130198782531141,1.0,0.1243798626719283,1.0,1.0,0.4751336074043896,0.5184604147075573,0.4717804589368666,0.4769328394085051,0.2138312221500259,0.0831830181712814,0.5163100429895383,0.5960801880583293,0.350835930355877,0.2724074634496106,0.5987571899617328,0.4293926199989573,0.5320491533725544,0.4761904761904761,0.25,0.6194029850746268,0.0,1.0,0.0,0.0,0.0,0.0,0.0,0.0,0.0,0.0,0.0,1.0,0.0,0.0,1.0,0.0,0.0120695695185768,0.0
0.9999999999999998,0.0,0.3274805785092604,0.2322817842270105,0.003966975552736,0.6539424467884349,0.3940238459905009,0.4130198782531141,1.0,0.1243798626719283,1.0,1.0,0.4751336074043896,0.5184604147075573,0.4717804589368666,0.4769328394085051,0.2138312221500259,0.0831830181712814,0.5163100429895383,0.5960801880583293,0.350835930355877,0.2724074634496106,0.5987571899617328,0.4293926199989573,0.5320491533725544,0.4761904761904761,0.25,0.6194029850746268,0.0,1.0,0.0,0.0,0.0,0.0,0.0,0.0,0.0,0.0,0.0,1.0,0.0,0.0,0.0,1.0,0.0076527091347495,0.0
0.9999999999999998,0.0,0.3274805785092604,0.2322817842270105,0.003966975552736,0.6539424467884349,0.3940238459905009,0.4130198782531141,1.0,0.1243798626719283,1.0,1.0,0.4751336074043896,0.5184604147075573,0.4717804589368666,0.4769328394085051,0.2138312221500259,0.0831830181712814,0.5163100429895383,0.5960801880583293,0.350835930355877,0.2724074634496106,0.5987571899617328,0.4293926199989573,0.5320491533725544,0.4761904761904761,0.25,0.6194029850746268,0.0,0.0,1.0,0.0,0.0,0.0,0.0,0.0,0.0,0.0,0.0,1.0,0.0,0.0,0.0,1.0,0.0,0.0
0.9999999999999998,0.0,0.3274805785092604,0.2322817842270105,0.003966975552736,0.6539424467884349,0.3940238459905009,0.4130198782531141,1.0,0.1243798626719283,1.0,1.0,0.4751336074043896,0.5184604147075573,0.4717804589368666,0.4769328394085051,0.2138312221500259,0.0831830181712814,0.5163100429895383,0.5960801880583293,0.350835930355877,0.2724074634496106,0.5987571899617328,0.4293926199989573,0.5320491533725544,0.5793650793650793,0.3695652173913044,0.6343283582089552,0.131578947368421,1.0,0.0,0.0,0.0,0.0,0.0,0.0,0.0,0.0,0.0,1.0,0.0,0.0,0.0,1.0,0.0,0.0
0.9999999999999998,0.0,0.3274805785092604,0.2322817842270105,0.003966975552736,0.6539424467884349,0.3940238459905009,0.4130198782531141,1.0,0.1243798626719283,1.0,1.0,0.4751336074043896,0.5184604147075573,0.4717804589368666,0.4769328394085051,0.2138312221500259,0.0831830181712814,0.5163100429895383,0.5960801880583293,0.350835930355877,0.2724074634496106,0.5987571899617328,0.4293926199989573,0.5320491533725544,0.1111111111111111,0.8478260869565218,0.0,0.0789473684210526,1.0,0.0,0.0,0.0,0.0,0.0,0.0,0.0,0.0,0.0,1.0,0.0,0.0,0.0,1.0,0.0,0.0
0.9999999999999998,0.0,0.3274805785092604,0.2322817842270105,0.003966975552736,0.6539424467884349,0.3940238459905009,0.4130198782531141,1.0,0.1243798626719283,1.0,1.0,0.4751336074043896,0.5184604147075573,0.4717804589368666,0.4769328394085051,0.2138312221500259,0.0831830181712814,0.5163100429895383,0.5960801880583293,0.350835930355877,0.2724074634496106,0.5987571899617328,0.4293926199989573,0.5320491533725544,0.1111111111111111,0.8478260869565218,0.0,0.0789473684210526,0.0,0.0,1.0,0.0,0.0,0.0,0.0,0.0,0.0,0.0,1.0,0.0,0.0,0.0,1.0,0.0,0.0
0.4517088320849778,0.2965883354039423,0.3848759791158165,0.3308354549564626,0.423859026884192,0.2778975684701016,0.2866706471670884,0.3263087906532589,0.0567823546408777,0.6392096271090661,0.6647092160624786,0.5446152280713665,0.5792876346857414,0.1633665862458554,0.2344708710120624,0.4695935950789943,0.4944981069322627,0.1232961819016448,0.3368562542547184,0.0,0.3105237455702253,0.2221076124730952,0.442812440806056,0.799725494940066,0.0,0.5158730158730158,0.0,0.8656716417910446,0.368421052631579,1.0,0.0,0.0,0.0,0.0,0.0,0.0,0.0,0.0,0.0,1.0,0.0,0.0,0.0,1.0,0.0,0.0
0.4351247207084866,0.325487430160852,0.3800033146656042,0.3312780488610011,0.4122380032750663,0.1739561636917094,0.3064616440596472,0.3990161410425167,0.0962193001892198,0.6445804587554577,0.6643441017405709,0.2647980207677466,0.5625430634512424,0.3757165927711418,0.6640774469195019,0.600236502282396,0.3757366524093764,0.4342045235487773,0.2759204405087297,0.4728245557263782,0.3788892089559523,0.2744115624567476,1.0,0.5914315417990973,0.487486366194698,0.4761904761904761,0.25,0.6194029850746268,0.0,1.0,0.0,0.0,0.0,0.0,0.0,0.0,0.0,0.0,0.0,1.0,0.0,0.0,0.0,1.0,0.0,0.0
0.4351247207084866,0.325487430160852,0.3800033146656042,0.3312780488610011,0.4122380032750663,0.1739561636917094,0.3064616440596472,0.3990161410425167,0.0962193001892198,0.6445804587554577,0.6643441017405709,0.2647980207677466,0.5625430634512424,0.3757165927711418,0.6640774469195019,0.600236502282396,0.3757366524093764,0.4342045235487773,0.2759204405087297,0.4728245557263782,0.3788892089559523,0.2744115624567476,1.0,0.5914315417990973,0.487486366194698,0.1111111111111111,0.8478260869565218,0.0,0.0789473684210526,1.0,0.0,0.0,0.0,0.0,0.0,0.0,0.0,0.0,0.0,1.0,0.0,0.0,0.0,1.0,0.0,0.0
0.4725081650909593,0.2635775385209586,0.0738406455925352,0.2045230985169499,0.4258505023139158,0.3041043905496752,0.3230826312719422,0.5203937980561559,0.3280838269010256,0.4434674866427268,0.5014974870866199,0.3521912672999283,0.4262091636617403,0.2824874248456268,0.1704069859903361,0.6273296329249629,0.5243516170161433,0.4398499676460558,0.8015066994453774,0.2182370106950426,1.0,0.6961110685725765,0.6396546795775587,0.6775477916992784,0.2898614559336889,0.5158730158730158,0.0,0.8656716417910446,0.368421052631579,0.0,0.0,1.0,0.0,0.0,0.0,0.0,0.0,0.0,1.0,0.0,0.0,0.0,0.0,1.0,0.4664308179525766,0.5749252228859626
0.4725081650909593,0.2635775385209586,0.0738406455925352,0.2045230985169499,0.4258505023139158,0.3041043905496752,0.3230826312719422,0.5203937980561559,0.3280838269010256,0.4434674866427268,0.5014974870866199,0.3521912672999283,0.4262091636617403,0.2824874248456268,0.1704069859903361,0.6273296329249629,0.5243516170161433,0.4398499676460558,0.8015066994453774,0.2182370106950426,1.0,0.6961110685725765,0.6396546795775587,0.6775477916992784,0.2898614559336889,0.8095238095238095,0.6630434782608696,0.6716417910447761,0.1842105263157895,1.0,0.0,0.0,0.0,0.0,0.0,0.0,0.0,0.0,0.0,1.0,0.0,0.0,0.0,1.0,0.1945599686932044,0.3495602231753979
0.5758126191486284,0.2565311719006539,1.0,0.6702995247955372,0.4162853709753067,0.0,0.8814223355816619,1.0,0.5660670791097878,0.4852152224169597,0.5072526459474871,0.0026105260709187,0.5061898200307804,0.3036963489856813,0.4943526924866944,0.5613875105794943,0.3129986180157144,0.4914818109388565,0.6039025249803203,0.4750449508238697,0.8442659897779916,0.0406910932439371,0.4549360045215641,0.2440967301587971,0.4892705810826665,0.4761904761904761,0.25,0.6194029850746268,0.0,1.0,0.0,0.0,0.0,0.0,0.0,0.0,0.0,0.0,0.0,1.0,0.0,0.0,0.0,1.0,0.0102148633361919,0.0
0.2658931444880549,0.9441443941052616,0.3153816117207177,0.1847391622675762,0.2591939536959857,0.1787788287682941,1.0,0.2364530954499806,0.0,0.4823563168810706,0.7191043988205122,0.7248407218752011,0.6201878707269884,1.0,0.0,0.4365606354730453,0.3932164810941903,0.5366116420042453,0.3937615554916479,0.4932034946732394,0.3453794250339499,0.3543816214304929,0.3865651557425758,0.2491840462218449,0.3580418710330502,0.4761904761904761,0.25,0.6194029850746268,0.0,0.0,1.0,0.0,0.0,0.0,1.0,0.0,0.0,0.0,0.0,0.0,0.0,0.0,1.0,0.0,0.4439172950294067,0.6369865903247371
0.2658931444880549,0.9441443941052616,0.3153816117207177,0.1847391622675762,0.2591939536959857,0.1787788287682941,1.0,0.2364530954499806,0.0,0.4823563168810706,0.7191043988205122,0.7248407218752011,0.6201878707269884,1.0,0.0,0.4365606354730453,0.3932164810941903,0.5366116420042453,0.3937615554916479,0.4932034946732394,0.3453794250339499,0.3543816214304929,0.3865651557425758,0.2491840462218449,0.3580418710330502,0.5793650793650793,0.3695652173913044,0.6343283582089552,0.131578947368421,0.0,0.0,1.0,0.0,0.0,0.0,0.0,0.0,0.0,1.0,0.0,0.0,0.0,0.0,1.0,0.0186722101585979,0.0
0.7497454858724419,0.3477696303736129,0.5308404632449628,0.5513048856197552,0.3514778028658242,0.2737073206264413,0.4274661849985721,0.4309928769486413,0.3414820596443834,0.6811417481333822,0.5594316886085429,0.2920423173933882,0.6130975748916545,0.225744675970124,0.602807669979798,0.7686167442363099,0.4224360214609718,0.7293950598397139,0.2190722493960621,0.68842465823592,0.5038625789747262,0.7575172096631926,0.3934264937872319,0.7806270346665108,0.4868832953819876,0.8095238095238095,0.6630434782608696,0.6716417910447761,0.1842105263157895,0.0,1.0,0.0,0.0,0.0,0.0,0.0,0.0,0.0,0.0,1.0,0.0,0.0,1.0,0.0,0.1407746458648254,0.173058884026048
0.7123999975857913,0.3207481197675216,0.1750568462171604,0.6690593150186219,0.3452283064994268,0.201508550148005,0.4444765154362463,0.2955817935113549,0.3765404849099418,0.4954725372293219,0.1200564814180802,0.3545544362566939,0.2255703549333029,0.6810770921769533,0.4338164512419854,0.6111033221515039,0.4860176965506411,0.2738402564234681,0.6509300254325763,0.0477807839806457,0.4195069601967975,0.3580609217720518,0.3062829611331853,0.7963312851334855,0.8390633778202308,0.3333333333333333,0.6630434782608696,1.0,0.7105263157894737,0.0,0.0,1.0,0.0,0.0,0.0,0.0,0.0,0.0,0.0,1.0,0.0,0.0,0.0,1.0,0.0547476974908808,0.0984895658652685
0.7123999975857913,0.3207481197675216,0.1750568462171604,0.6690593150186219,0.3452283064994268,0.201508550148005,0.4444765154362463,0.2955817935113549,0.3765404849099418,0.4954725372293219,0.1200564814180802,0.3545544362566939,0.2255703549333029,0.6810770921769533,0.4338164512419854,0.6111033221515039,0.4860176965506411,0.2738402564234681,0.6509300254325763,0.0477807839806457,0.4195069601967975,0.3580609217720518,0.3062829611331853,0.7963312851334855,0.8390633778202308,0.4761904761904761,0.25,0.6194029850746268,0.0,0.0,1.0,0.0,0.0,0.0,0.0,0.0,0.0,0.0,0.0,1.0,0.0,0.0,0.0,1.0,0.0939131663444037,0.2074336624884271
0.845118092316133,0.6954291767051386,0.2164457427847239,0.7612265224774846,0.3893142823739482,0.3932841349143264,0.1367678749079147,0.5831698717451903,0.4416237734553306,0.5327768944071207,0.2794691503813316,0.5585465237219929,0.3426392701178857,0.7071269057424039,0.1321019264844533,0.5405047576006363,0.5425622584924259,1.0,0.5542013209635828,0.2991218852845632,0.5352284035656498,0.3452585992117621,0.5448530622074979,0.5902108567134655,0.1768697302616318,0.5634920634920635,0.0217391304347827,0.925373134328358,0.736842105263158,0.0,0.0,1.0,0.0,0.0,0.0,0.0,0.0,0.0,0.0,1.0,0.0,0.0,0.0,1.0,0.1069973254873321,0.1793917482829762
0.845118092316133,0.6954291767051386,0.2164457427847239,0.7612265224774846,0.3893142823739482,0.3932841349143264,0.1367678749079147,0.5831698717451903,0.4416237734553306,0.5327768944071207,0.2794691503813316,0.5585465237219929,0.3426392701178857,0.7071269057424039,0.1321019264844533,0.5405047576006363,0.5425622584924259,1.0,0.5542013209635828,0.2991218852845632,0.5352284035656498,0.3452585992117621,0.5448530622074979,0.5902108567134655,0.1768697302616318,0.4761904761904761,0.25,0.6194029850746268,0.0,0.0,1.0,0.0,0.0,0.0,0.0,0.0,0.0,0.0,0.0,1.0,0.0,0.0,0.0,1.0,0.9502230202355983,0.9502230202355983
0.845118092316133,0.6954291767051386,0.2164457427847239,0.7612265224774846,0.3893142823739482,0.3932841349143264,0.1367678749079147,0.5831698717451903,0.4416237734553306,0.5327768944071207,0.2794691503813316,0.5585465237219929,0.3426392701178857,0.7071269057424039,0.1321019264844533,0.5405047576006363,0.5425622584924259,1.0,0.5542013209635828,0.2991218852845632,0.5352284035656498,0.3452585992117621,0.5448530622074979,0.5902108567134655,0.1768697302616318,0.1111111111111111,0.8478260869565218,0.0,0.0789473684210526,1.0,0.0,0.0,0.0,0.0,0.0,0.0,0.0,0.0,0.0,1.0,0.0,0.0,0.0,1.0,0.0854539810034041,0.1812059454294937
0.845118092316133,0.6954291767051386,0.2164457427847239,0.7612265224774846,0.3893142823739482,0.3932841349143264,0.1367678749079147,0.5831698717451903,0.4416237734553306,0.5327768944071207,0.2794691503813316,0.5585465237219929,0.3426392701178857,0.7071269057424039,0.1321019264844533,0.5405047576006363,0.5425622584924259,1.0,0.5542013209635828,0.2991218852845632,0.5352284035656498,0.3452585992117621,0.5448530622074979,0.5902108567134655,0.1768697302616318,0.1111111111111111,0.8478260869565218,0.0,0.0789473684210526,0.0,1.0,0.0,0.0,0.0,0.0,0.0,0.0,0.0,0.0,1.0,0.0,0.0,0.0,1.0,0.734972457943663,0.7988309631058479
0.6351142784210414,0.5332107728576889,0.2146113087114689,0.5958268253609998,0.3623578160535662,0.2536536634489373,0.4668120724822911,0.4530286065345598,0.1557081112940919,0.3355068061202007,0.287251226748453,0.3455183662378049,0.4502914840848036,0.4828435181608799,0.8101509922151855,0.4460402340059616,0.5624194355490052,0.0,0.2328987372581158,0.5641004597998689,0.793376449569138,0.6708037920470755,0.4347187923293972,0.2820705286316932,0.4769268264473919,0.1111111111111111,0.8478260869565218,0.0,0.0789473684210526,0.0,1.0,0.0,0.0,0.0,0.0,0.0,0.0,0.0,0.0,1.0,0.0,0.0,0.0,1.0,0.3292519524323045,0.5314989198183822
0.6539369627030012,0.474226818452289,0.2197916326190845,0.7223732712716842,0.366587388415479,0.1834733982128724,0.4580483245282972,0.3233640635336034,0.2790279017592375,0.4228463542103287,0.2243958214406204,0.4634040752218598,0.2903047265480243,0.5402627824886865,0.6467886703864478,0.326259321297503,0.6029617307401001,0.1944511521028019,0.4998127622369224,0.205508342541434,0.3315519247549338,0.4301014201613048,0.3852393663232475,0.3343354717710133,0.2696339436864803,0.0,1.0000000000000002,0.7761194029850745,1.0,0.0,1.0,0.0,0.0,0.0,0.0,0.0,0.0,0.0,0.0,1.0,0.0,0.0,0.0,1.0,0.0,0.0
0.6539369627030012,0.474226818452289,0.2197916326190845,0.7223732712716842,0.366587388415479,0.1834733982128724,0.4580483245282972,0.3233640635336034,0.2790279017592375,0.4228463542103287,0.2243958214406204,0.4634040752218598,0.2903047265480243,0.5402627824886865,0.6467886703864478,0.326259321297503,0.6029617307401001,0.1944511521028019,0.4998127622369224,0.205508342541434,0.3315519247549338,0.4301014201613048,0.3852393663232475,0.3343354717710133,0.2696339436864803,0.1507936507936508,0.8586956521739131,0.9029850746268656,0.7894736842105263,1.0,0.0,0.0,0.0,0.0,0.0,0.0,0.0,0.0,0.0,1.0,0.0,0.0,1.0,0.0,0.038504022465704,0.0
0.6539369627030012,0.474226818452289,0.2197916326190845,0.7223732712716842,0.366587388415479,0.1834733982128724,0.4580483245282972,0.3233640635336034,0.2790279017592375,0.4228463542103287,0.2243958214406204,0.4634040752218598,0.2903047265480243,0.5402627824886865,0.6467886703864478,0.326259321297503,0.6029617307401001,0.1944511521028019,0.4998127622369224,0.205508342541434,0.3315519247549338,0.4301014201613048,0.3852393663232475,0.3343354717710133,0.2696339436864803,0.4761904761904761,0.25,0.6194029850746268,0.0,1.0,0.0,0.0,0.0,0.0,0.0,0.0,0.0,0.0,0.0,1.0,0.0,0.0,0.0,1.0,0.0295148853786716,0.0
0.6539369627030012,0.474226818452289,0.2197916326190845,0.7223732712716842,0.366587388415479,0.1834733982128724,0.4580483245282972,0.3233640635336034,0.2790279017592375,0.4228463542103287,0.2243958214406204,0.4634040752218598,0.2903047265480243,0.5402627824886865,0.6467886703864478,0.326259321297503,0.6029617307401001,0.1944511521028019,0.4998127622369224,0.205508342541434,0.3315519247549338,0.4301014201613048,0.3852393663232475,0.3343354717710133,0.2696339436864803,0.4761904761904761,0.25,0.6194029850746268,0.0,0.0,1.0,0.0,0.0,0.0,0.0,0.0,0.0,0.0,0.0,1.0,0.0,0.0,0.0,1.0,0.514436618521993,0.6882233142991498
0.4811183378351755,0.2073966283789297,0.0878380954712569,0.4016324205109705,0.446385013680675,0.210620826265572,0.2034299998374113,0.3063074344407855,0.4424124381046711,0.3355974006955081,0.3569995443377273,0.1855796814947657,0.3997523157097128,0.5577944484830388,0.3160118981637109,0.5363826920459288,0.5197942961858935,0.4157151536079104,0.2809018180713364,0.5722166698586235,0.6414517164909439,0.1797158554988486,0.4256873701611023,0.2316611803421428,0.5028251468479104,0.3333333333333333,0.6630434782608696,1.0,0.7105263157894737,1.0,0.0,0.0,0.0,0.0,0.0,0.0,0.0,0.0,0.0,1.0,0.0,0.0,1.0,0.0,0.471246414681455,0.6715068335164515
0.5587140224676339,0.8967346796207643,0.3744237217098545,0.2531078800609472,0.4213674942861281,0.3119498451734336,0.4131947370649516,0.3744077895726001,0.4253294878392535,0.2770620945919692,0.5045910389370362,0.1572903062017901,0.5419872881403106,0.3661491418976678,0.1312207405065086,0.4884930312258336,0.3187906492806575,0.2798327081199544,0.504788081420793,0.2465194085121025,0.3621821651729364,0.3899804230242863,0.2834613912782123,0.4588138751720387,0.2394168813599677,0.1111111111111111,0.8478260869565218,0.0,0.0789473684210526,0.0,1.0,0.0,0.0,0.0,0.0,0.0,0.0,0.0,0.0,1.0,0.0,0.0,0.0,1.0,0.4073020146174544,0.6062266294162066
0.6556339413636025,0.8750210580233777,0.2752954468490931,0.3210499518933111,0.45694915685706,0.3041931516336573,0.252520362580339,0.4072531131213452,0.6230056200979526,0.5035641404958299,0.4383826930616141,0.17759954835491,0.4711748482070119,0.3640025870395864,0.3461406875387369,0.6386676859779028,0.4064045981556022,0.4065841154336095,0.2622319577005321,0.1139669795719444,0.3417915619818065,0.2636536237477759,0.3565174234742854,0.3514815377605245,0.1480006446535483,0.1111111111111111,0.8478260869565218,0.0,0.0789473684210526,0.0,1.0,0.0,0.0,0.0,0.0,0.0,0.0,0.0,0.0,1.0,0.0,0.0,0.0,1.0,0.5001700973280148,0.6587116311161876
0.5318365978317733,0.2197208649513382,0.042095746212259,0.4315070488025357,0.4196840894695808,0.2304105157022996,0.4003595838068611,0.3715634020926348,0.5494905852761464,0.4300781512938766,0.3262576463355803,0.0683825901642022,0.4956260877494299,0.4262270646822711,0.1989126486954718,0.4104233662271846,0.3047840848540933,0.2812819286502272,0.0783824666229973,0.7029062413144878,0.4720346446705149,0.1427097965842808,0.4467537618508466,0.6493121014469964,0.0362077327960459,0.0,1.0000000000000002,0.7761194029850745,1.0,0.0,0.0,1.0,0.0,0.0,0.0,0.0,0.0,0.0,0.0,1.0,0.0,0.0,0.0,1.0,0.2190687080316914,0.3366704645050326
0.5318365978317733,0.2197208649513382,0.042095746212259,0.4315070488025357,0.4196840894695808,0.2304105157022996,0.4003595838068611,0.3715634020926348,0.5494905852761464,0.4300781512938766,0.3262576463355803,0.0683825901642022,0.4956260877494299,0.4262270646822711,0.1989126486954718,0.4104233662271846,0.3047840848540933,0.2812819286502272,0.0783824666229973,0.7029062413144878,0.4720346446705149,0.1427097965842808,0.4467537618508466,0.6493121014469964,0.0362077327960459,0.1111111111111111,0.8478260869565218,0.0,0.0789473684210526,0.0,1.0,0.0,0.0,0.0,0.0,0.0,0.0,0.0,0.0,1.0,0.0,0.0,0.0,1.0,0.0,0.0
0.5262062787258298,0.2783043685453386,0.059320273737275,0.4972814563156038,0.4297632114807968,0.1562471305495105,0.4163163559781128,0.4435227674519836,0.5011331354154307,0.4875012978888415,0.3260702614147499,0.2695142055594818,0.4717405025471535,0.174659065555688,0.49342038463344,0.315474612460064,0.256223543184955,0.1659514476048087,0.1849877956247703,0.4866368082187048,0.3695168268081666,0.4552057027547654,0.687698743496839,0.5906475980898079,0.322668729975881,0.0,1.0000000000000002,0.7761194029850745,1.0,0.0,0.0,1.0,0.0,0.0,0.0,0.0,0.0,0.0,0.0,1.0,0.0,0.0,0.0,1.0,0.0293252836712836,0.0
0.5080110858319793,0.3314322506567163,0.1527003703366604,0.3798204429939022,0.435090151007582,0.2094820376014674,0.4610922450228684,0.3806499184943197,0.5291866768872717,0.3348149473706791,0.2289394756559241,0.2833095965340996,0.3658939310602759,0.6188036157552843,0.4126126338429563,0.7395436436575373,0.5939813952514356,0.1575157740359653,0.3198337468717364,0.5254522478321114,0.4844596286743052,1.0,0.2204817500715534,0.3072328954269456,0.2149097304797583,0.0,1.0000000000000002,0.7761194029850745,1.0,0.0,1.0,0.0,0.0,0.0,0.0,0.0,0.0,0.0,0.0,1.0,0.0,0.0,1.0,0.0,0.3751939022827364,0.5099680575943677
0.5080110858319793,0.3314322506567163,0.1527003703366604,0.3798204429939022,0.435090151007582,0.2094820376014674,0.4610922450228684,0.3806499184943197,0.5291866768872717,0.3348149473706791,0.2289394756559241,0.2833095965340996,0.3658939310602759,0.6188036157552843,0.4126126338429563,0.7395436436575373,0.5939813952514356,0.1575157740359653,0.3198337468717364,0.5254522478321114,0.4844596286743052,1.0,0.2204817500715534,0.3072328954269456,0.2149097304797583,0.5158730158730158,0.0,0.8656716417910446,0.368421052631579,0.0,0.0,1.0,0.0,0.0,0.0,0.0,0.0,0.0,0.0,1.0,0.0,0.0,0.0,1.0,0.584309878372907,0.6395152208174084
0.5080110858319793,0.3314322506567163,0.1527003703366604,0.3798204429939022,0.435090151007582,0.2094820376014674,0.4610922450228684,0.3806499184943197,0.5291866768872717,0.3348149473706791,0.2289394756559241,0.2833095965340996,0.3658939310602759,0.6188036157552843,0.4126126338429563,0.7395436436575373,0.5939813952514356,0.1575157740359653,0.3198337468717364,0.5254522478321114,0.4844596286743052,1.0,0.2204817500715534,0.3072328954269456,0.2149097304797583,0.4761904761904761,0.25,0.6194029850746268,0.0,0.0,1.0,0.0,0.0,0.0,0.0,0.0,0.0,0.0,0.0,1.0,0.0,0.0,0.0,1.0,0.0903962861027291,0.1815168599223507
0.5080110858319793,0.3314322506567163,0.1527003703366604,0.3798204429939022,0.435090151007582,0.2094820376014674,0.4610922450228684,0.3806499184943197,0.5291866768872717,0.3348149473706791,0.2289394756559241,0.2833095965340996,0.3658939310602759,0.6188036157552843,0.4126126338429563,0.7395436436575373,0.5939813952514356,0.1575157740359653,0.3198337468717364,0.5254522478321114,0.4844596286743052,1.0,0.2204817500715534,0.3072328954269456,0.2149097304797583,0.5793650793650793,0.3695652173913044,0.6343283582089552,0.131578947368421,0.0,1.0,0.0,0.0,0.0,0.0,0.0,0.0,0.0,0.0,1.0,0.0,0.0,0.0,1.0,0.5952580773055621,0.7527995006357032
0.5080110858319793,0.3314322506567163,0.1527003703366604,0.3798204429939022,0.435090151007582,0.2094820376014674,0.4610922450228684,0.3806499184943197,0.5291866768872717,0.3348149473706791,0.2289394756559241,0.2833095965340996,0.3658939310602759,0.6188036157552843,0.4126126338429563,0.7395436436575373,0.5939813952514356,0.1575157740359653,0.3198337468717364,0.5254522478321114,0.4844596286743052,1.0,0.2204817500715534,0.3072328954269456,0.2149097304797583,0.1111111111111111,0.8478260869565218,0.0,0.0789473684210526,0.0,1.0,0.0,0.0,0.0,0.0,0.0,0.0,0.0,0.0,1.0,0.0,0.0,0.0,1.0,0.5149325984156901,0.7308317670818184
0.3938429915312159,0.3194064915333237,0.048684543965179,0.5308390797877277,0.3214999548515468,0.1269831384769174,0.6237681673242637,0.4346817152549032,0.4567525770063841,0.4248285375933835,0.4906304634824323,0.3577495079991386,0.3825087629220741,0.2949885482327021,0.7256581861138889,0.6270743362215911,0.4335860544158087,0.4816997137425525,0.6184897558999445,0.6300583548897949,0.1805074074736107,0.5587361548768991,0.3748213047739966,0.2847707709584357,0.3735147412416579,0.1507936507936508,0.8586956521739131,0.9029850746268656,0.7894736842105263,1.0,0.0,0.0,0.0,0.0,0.0,0.0,0.0,0.0,0.0,1.0,0.0,0.0,0.0,1.0,0.0897575696640751,0.2656466421692523
0.3938429915312159,0.3194064915333237,0.048684543965179,0.5308390797877277,0.3214999548515468,0.1269831384769174,0.6237681673242637,0.4346817152549032,0.4567525770063841,0.4248285375933835,0.4906304634824323,0.3577495079991386,0.3825087629220741,0.2949885482327021,0.7256581861138889,0.6270743362215911,0.4335860544158087,0.4816997137425525,0.6184897558999445,0.6300583548897949,0.1805074074736107,0.5587361548768991,0.3748213047739966,0.2847707709584357,0.3735147412416579,0.4761904761904761,0.25,0.6194029850746268,0.0,1.0,0.0,0.0,0.0,0.0,0.0,0.0,0.0,0.0,0.0,1.0,0.0,0.0,1.0,0.0,0.3961658480019111,0.5814469551513055
0.3938429915312159,0.3194064915333237,0.048684543965179,0.5308390797877277,0.3214999548515468,0.1269831384769174,0.6237681673242637,0.4346817152549032,0.4567525770063841,0.4248285375933835,0.4906304634824323,0.3577495079991386,0.3825087629220741,0.2949885482327021,0.7256581861138889,0.6270743362215911,0.4335860544158087,0.4816997137425525,0.6184897558999445,0.6300583548897949,0.1805074074736107,0.5587361548768991,0.3748213047739966,0.2847707709584357,0.3735147412416579,0.4761904761904761,0.25,0.6194029850746268,0.0,1.0,0.0,0.0,0.0,0.0,0.0,0.0,0.0,0.0,0.0,1.0,0.0,0.0,0.0,1.0,0.350150456392764,0.574803935313085
0.3938429915312159,0.3194064915333237,0.048684543965179,0.5308390797877277,0.3214999548515468,0.1269831384769174,0.6237681673242637,0.4346817152549032,0.4567525770063841,0.4248285375933835,0.4906304634824323,0.3577495079991386,0.3825087629220741,0.2949885482327021,0.7256581861138889,0.6270743362215911,0.4335860544158087,0.4816997137425525,0.6184897558999445,0.6300583548897949,0.1805074074736107,0.5587361548768991,0.3748213047739966,0.2847707709584357,0.3735147412416579,0.4761904761904761,0.25,0.6194029850746268,0.0,0.0,0.0,1.0,0.0,0.0,0.0,0.0,0.0,0.0,0.0,1.0,0.0,0.0,0.0,1.0,0.7277311494727087,0.7277311494727087
0.4859780629570833,0.2414582873682554,0.2042618222719841,0.4005198873285391,0.479739926041367,0.1657925569329444,0.2040955283377691,0.3593500980262155,0.2962243301459435,0.6564190111804589,0.7383102874213967,0.3943904785532948,0.5528440444280379,0.3989040308603563,0.5603700922984308,0.4761508491541084,0.5677189033254355,0.4973959455930592,0.7034137223559527,0.3217977347600863,0.3378939652253691,0.1150020980601531,0.4381621210960194,0.5342929947104224,0.4158084481906927,0.4761904761904761,0.25,0.6194029850746268,0.0,0.0,0.0,1.0,0.0,0.0,0.0,0.0,0.0,0.0,0.0,1.0,0.0,0.0,1.0,0.0,0.5301242651670564,0.6058044190043291
0.5714446880969448,0.298278451109425,0.3810190582387399,0.4620099654361988,0.2839124937018579,0.4774198994334218,0.2301434901962306,0.153121147196809,0.0619308570128116,0.1156400847301759,0.3000956423076287,0.1711857046799326,0.328671916410545,0.2533142403091684,0.3381687767905833,0.2542934682246452,0.2536172319070947,0.2036207163186255,1.0,0.2596353962303288,0.1284163192973104,0.3575044967827654,0.3208102197124952,0.3463372292013364,0.580954407544558,0.1111111111111111,0.8478260869565218,0.0,0.0789473684210526,0.0,1.0,0.0,0.0,0.0,0.0,0.0,0.0,0.0,0.0,1.0,0.0,0.0,0.0,1.0,0.1622241121474058,0.30828846715788
0.5714446880969448,0.298278451109425,0.3810190582387399,0.4620099654361988,0.2839124937018579,0.4774198994334218,0.2301434901962306,0.153121147196809,0.0619308570128116,0.1156400847301759,0.3000956423076287,0.1711857046799326,0.328671916410545,0.2533142403091684,0.3381687767905833,0.2542934682246452,0.2536172319070947,0.2036207163186255,1.0,0.2596353962303288,0.1284163192973104,0.3575044967827654,0.3208102197124952,0.3463372292013364,0.580954407544558,0.1111111111111111,0.8478260869565218,0.0,0.0789473684210526,0.0,0.0,1.0,0.0,0.0,0.0,0.0,0.0,0.0,0.0,1.0,0.0,0.0,0.0,1.0,0.0696171889974046,0.1200598748945838
0.5714446880969448,0.298278451109425,0.3810190582387399,0.4620099654361988,0.2839124937018579,0.4774198994334218,0.2301434901962306,0.153121147196809,0.0619308570128116,0.1156400847301759,0.3000956423076287,0.1711857046799326,0.328671916410545,0.2533142403091684,0.3381687767905833,0.2542934682246452,0.2536172319070947,0.2036207163186255,1.0,0.2596353962303288,0.1284163192973104,0.3575044967827654,0.3208102197124952,0.3463372292013364,0.580954407544558,0.8095238095238095,0.6630434782608696,0.6716417910447761,0.1842105263157895,0.0,0.0,1.0,0.0,0.0,0.0,0.0,0.0,0.0,1.0,0.0,0.0,0.0,0.0,1.0,0.0045964943055282,0.0
0.3206179671698912,0.8465775327103018,0.6327700333705696,0.3425458997719915,0.4493587630191293,0.2859431022099392,0.2352669391011886,0.0637336904541525,0.5609367962321169,0.7066639555495027,0.1909027738902964,0.6985784833878654,0.4662119947862341,0.0,0.4931373930337543,0.5378809759000596,0.34401198988264,0.1856449949560295,0.5866440362356928,0.7303346647406931,0.7027900758911525,0.2025100974374125,0.5239028724934732,0.3833772349723903,0.6191806623393732,0.3333333333333333,0.6630434782608696,1.0,0.7105263157894737,0.0,1.0,0.0,0.0,0.0,0.0,0.0,0.0,0.0,0.0,1.0,0.0,0.0,0.0,1.0,0.1392395168346986,0.2501189853593126
0.3206179671698912,0.8465775327103018,0.6327700333705696,0.3425458997719915,0.4493587630191293,0.2859431022099392,0.2352669391011886,0.0637336904541525,0.5609367962321169,0.7066639555495027,0.1909027738902964,0.6985784833878654,0.4662119947862341,0.0,0.4931373930337543,0.5378809759000596,0.34401198988264,0.1856449949560295,0.5866440362356928,0.7303346647406931,0.7027900758911525,0.2025100974374125,0.5239028724934732,0.3833772349723903,0.6191806623393732,0.4761904761904761,0.25,0.6194029850746268,0.0,0.0,0.0,1.0,0.0,0.0,0.0,0.0,0.0,0.0,0.0,0.0,1.0,0.0,0.0,1.0,0.0559774225971805,0.0877287969062584
0.3206179671698912,0.8465775327103018,0.6327700333705696,0.3425458997719915,0.4493587630191293,0.2859431022099392,0.2352669391011886,0.0637336904541525,0.5609367962321169,0.7066639555495027,0.1909027738902964,0.6985784833878654,0.4662119947862341,0.0,0.4931373930337543,0.5378809759000596,0.34401198988264,0.1856449949560295,0.5866440362356928,0.7303346647406931,0.7027900758911525,0.2025100974374125,0.5239028724934732,0.3833772349723903,0.6191806623393732,1.0,0.7500000000000001,0.7014925373134328,0.3157894736842105,0.0,1.0,0.0,0.0,0.0,0.0,0.0,0.0,0.0,0.0,1.0,0.0,0.0,0.0,1.0,0.0,0.0
0.3206179671698912,0.8465775327103018,0.6327700333705696,0.3425458997719915,0.4493587630191293,0.2859431022099392,0.2352669391011886,0.0637336904541525,0.5609367962321169,0.7066639555495027,0.1909027738902964,0.6985784833878654,0.4662119947862341,0.0,0.4931373930337543,0.5378809759000596,0.34401198988264,0.1856449949560295,0.5866440362356928,0.7303346647406931,0.7027900758911525,0.2025100974374125,0.5239028724934732,0.3833772349723903,0.6191806623393732,0.8095238095238095,0.6630434782608696,0.6716417910447761,0.1842105263157895,0.0,1.0,0.0,0.0,0.0,0.0,0.0,0.0,0.0,0.0,1.0,0.0,0.0,0.0,1.0,0.0193053692036383,0.0
0.410372698017019,0.9050334492575084,0.4927657445766348,0.0878301650958855,0.4205290933455904,0.3956431703417854,0.3106179511590174,0.2666625970927166,0.4621666818010258,0.6483569094654509,0.2344533817812816,0.455507744917236,0.2932839947788609,0.2203616045195843,0.4456694674284986,0.5331894043388772,0.1995577993690206,0.4064768355466097,0.4912905819665014,0.7112595028946282,0.8010815116230303,0.4079019702693211,0.3945049065870686,0.4227316981158023,0.6183519523872782,0.5158730158730158,0.0,0.8656716417910446,0.368421052631579,0.0,0.0,1.0,0.0,0.0,0.0,0.0,0.0,0.0,0.0,1.0,0.0,0.0,0.0,1.0,0.0763841505068655,0.1271703491881559
0.410372698017019,0.9050334492575084,0.4927657445766348,0.0878301650958855,0.4205290933455904,0.3956431703417854,0.3106179511590174,0.2666625970927166,0.4621666818010258,0.6483569094654509,0.2344533817812816,0.455507744917236,0.2932839947788609,0.2203616045195843,0.4456694674284986,0.5331894043388772,0.1995577993690206,0.4064768355466097,0.4912905819665014,0.7112595028946282,0.8010815116230303,0.4079019702693211,0.3945049065870686,0.4227316981158023,0.6183519523872782,0.4761904761904761,0.25,0.6194029850746268,0.0,0.0,1.0,0.0,0.0,0.0,0.0,0.0,0.0,0.0,0.0,1.0,0.0,0.0,0.0,1.0,0.194794753834755,0.3238595333220176
0.269728792501744,0.2415057361138734,0.2888641913715659,0.2780602588205237,0.297520993686952,0.3929426124369914,0.3672816433681901,0.3371407993871411,0.2892652805773137,0.7046728410197745,0.2399673493914239,0.5976664680707573,0.3230074769596768,0.1059315244942861,0.3728925725427848,0.4165350799019681,0.1661397195760268,0.703718709335674,0.0,0.3574911019337002,0.7270969809733027,0.4094132373288918,0.1861617858559797,0.4248233553200546,0.4512332777805975,0.5634920634920635,0.0217391304347827,0.925373134328358,0.736842105263158,0.0,1.0,0.0,0.0,0.0,0.0,0.0,0.0,0.0,0.0,1.0,0.0,0.0,0.0,1.0,0.191141109354386,0.3638110386752246
0.269728792501744,0.2415057361138734,0.2888641913715659,0.2780602588205237,0.297520993686952,0.3929426124369914,0.3672816433681901,0.3371407993871411,0.2892652805773137,0.7046728410197745,0.2399673493914239,0.5976664680707573,0.3230074769596768,0.1059315244942861,0.3728925725427848,0.4165350799019681,0.1661397195760268,0.703718709335674,0.0,0.3574911019337002,0.7270969809733027,0.4094132373288918,0.1861617858559797,0.4248233553200546,0.4512332777805975,0.4761904761904761,0.25,0.6194029850746268,0.0,0.0,1.0,0.0,0.0,0.0,0.0,0.0,0.0,0.0,0.0,1.0,0.0,0.0,0.0,1.0,0.2763851577581591,0.4274297373391949
0.269728792501744,0.2415057361138734,0.2888641913715659,0.2780602588205237,0.297520993686952,0.3929426124369914,0.3672816433681901,0.3371407993871411,0.2892652805773137,0.7046728410197745,0.2399673493914239,0.5976664680707573,0.3230074769596768,0.1059315244942861,0.3728925725427848,0.4165350799019681,0.1661397195760268,0.703718709335674,0.0,0.3574911019337002,0.7270969809733027,0.4094132373288918,0.1861617858559797,0.4248233553200546,0.4512332777805975,0.1111111111111111,0.8478260869565218,0.0,0.0789473684210526,0.0,0.0,1.0,0.0,0.0,0.0,0.0,0.0,0.0,0.0,1.0,0.0,0.0,1.0,0.0,0.374582394556597,0.4650897325326274
0.269728792501744,0.2415057361138734,0.2888641913715659,0.2780602588205237,0.297520993686952,0.3929426124369914,0.3672816433681901,0.3371407993871411,0.2892652805773137,0.7046728410197745,0.2399673493914239,0.5976664680707573,0.3230074769596768,0.1059315244942861,0.3728925725427848,0.4165350799019681,0.1661397195760268,0.703718709335674,0.0,0.3574911019337002,0.7270969809733027,0.4094132373288918,0.1861617858559797,0.4248233553200546,0.4512332777805975,0.1111111111111111,0.8478260869565218,0.0,0.0789473684210526,0.0,0.0,1.0,0.0,0.0,0.0,0.0,0.0,0.0,0.0,1.0,0.0,0.0,0.0,1.0,0.8421746260384216,0.8421746260384216
0.269728792501744,0.2415057361138734,0.2888641913715659,0.2780602588205237,0.297520993686952,0.3929426124369914,0.3672816433681901,0.3371407993871411,0.2892652805773137,0.7046728410197745,0.2399673493914239,0.5976664680707573,0.3230074769596768,0.1059315244942861,0.3728925725427848,0.4165350799019681,0.1661397195760268,0.703718709335674,0.0,0.3574911019337002,0.7270969809733027,0.4094132373288918,0.1861617858559797,0.4248233553200546,0.4512332777805975,0.8095238095238095,0.6630434782608696,0.6716417910447761,0.1842105263157895,0.0,0.0,1.0,0.0,0.0,0.0,0.0,0.0,0.0,0.0,1.0,0.0,0.0,0.0,1.0,0.1068126655618745,0.1359394988388219
0.6799697985604367,0.2526780466628715,0.3505742541564037,0.4377159488989716,0.3859553928216611,0.295026464676878,0.3613985160926256,0.4109202207344659,0.2970758738634959,0.5482832873805249,0.3124955280516597,0.2165646343745685,0.4681046907511872,0.3425603031178102,0.868463337902067,0.1880571526035402,0.2847243729085627,0.4518549590151395,0.7985235011838083,0.2523851902461742,0.4571157786500153,0.3098471827519735,0.4957144020381997,0.4269861449714785,0.2221987646656096,0.1111111111111111,0.8478260869565218,0.0,0.0789473684210526,0.0,1.0,0.0,0.0,0.0,0.0,0.0,0.0,0.0,0.0,1.0,0.0,0.0,0.0,1.0,0.0246626368615055,0.0
0.4640827177906246,0.2562558777709499,0.0228256841454017,0.4718055247461065,0.4457240772307381,0.1563214127196768,0.4140844791482488,0.3337299240731014,0.5160067515782262,0.4706251831190567,0.4792708767317449,0.3055376223035352,0.4929197338365295,0.2639725419473585,0.433931118591874,0.2017949935691438,0.3429308998111525,0.7082481725347015,0.9061940138873088,0.5199031643290176,0.2714233906026747,0.5527979342086846,0.2990043960206697,0.5661783337187344,0.2808308970129719,0.0,1.0000000000000002,0.7761194029850745,1.0,0.0,1.0,0.0,0.0,0.0,0.0,0.0,0.0,0.0,0.0,1.0,0.0,0.0,0.0,1.0,0.0,0.0
0.4640827177906246,0.2562558777709499,0.0228256841454017,0.4718055247461065,0.4457240772307381,0.1563214127196768,0.4140844791482488,0.3337299240731014,0.5160067515782262,0.4706251831190567,0.4792708767317449,0.3055376223035352,0.4929197338365295,0.2639725419473585,0.433931118591874,0.2017949935691438,0.3429308998111525,0.7082481725347015,0.9061940138873088,0.5199031643290176,0.2714233906026747,0.5527979342086846,0.2990043960206697,0.5661783337187344,0.2808308970129719,0.4761904761904761,0.25,0.6194029850746268,0.0,0.0,1.0,0.0,0.0,0.0,0.0,0.0,0.0,0.0,0.0,1.0,0.0,0.0,0.0,1.0,0.058298571699573,0.1220281922893467
0.4640827177906246,0.2562558777709499,0.0228256841454017,0.4718055247461065,0.4457240772307381,0.1563214127196768,0.4140844791482488,0.3337299240731014,0.5160067515782262,0.4706251831190567,0.4792708767317449,0.3055376223035352,0.4929197338365295,0.2639725419473585,0.433931118591874,0.2017949935691438,0.3429308998111525,0.7082481725347015,0.9061940138873088,0.5199031643290176,0.2714233906026747,0.5527979342086846,0.2990043960206697,0.5661783337187344,0.2808308970129719,0.1111111111111111,0.8478260869565218,0.0,0.0789473684210526,1.0,0.0,0.0,0.0,0.0,0.0,0.0,0.0,0.0,0.0,1.0,0.0,0.0,0.0,1.0,0.6076645927027647,0.7345386385579225
0.0,0.6919607638095984,0.1400221497814467,0.9725434020626884,0.0,1.0,0.3963961033663014,0.5459335388677905,0.637046565405045,1.0,0.4848646016217519,0.0355974592383506,0.7385490938743864,0.3598283840904516,0.2891109089527387,0.2230795076938984,0.6994953800247126,0.2304600212225362,0.5842630803135235,0.1317767364514414,0.3490697612681216,0.5181277332570547,0.577208020678737,0.4414554931689956,0.6050654870973824,0.5158730158730158,0.0,0.8656716417910446,0.368421052631579,0.0,0.0,1.0,0.0,0.0,0.0,0.0,0.0,0.0,0.0,1.0,0.0,0.0,0.0,1.0,0.1871394559063869,0.214048536542377
0.0,0.6919607638095984,0.1400221497814467,0.9725434020626884,0.0,1.0,0.3963961033663014,0.5459335388677905,0.637046565405045,1.0,0.4848646016217519,0.0355974592383506,0.7385490938743864,0.3598283840904516,0.2891109089527387,0.2230795076938984,0.6994953800247126,0.2304600212225362,0.5842630803135235,0.1317767364514414,0.3490697612681216,0.5181277332570547,0.577208020678737,0.4414554931689956,0.6050654870973824,0.4761904761904761,0.25,0.6194029850746268,0.0,1.0,0.0,0.0,0.0,0.0,0.0,0.0,0.0,0.0,0.0,1.0,0.0,0.0,1.0,0.0,0.0116182120137015,0.0
0.0,0.6919607638095984,0.1400221497814467,0.9725434020626884,0.0,1.0,0.3963961033663014,0.5459335388677905,0.637046565405045,1.0,0.4848646016217519,0.0355974592383506,0.7385490938743864,0.3598283840904516,0.2891109089527387,0.2230795076938984,0.6994953800247126,0.2304600212225362,0.5842630803135235,0.1317767364514414,0.3490697612681216,0.5181277332570547,0.577208020678737,0.4414554931689956,0.6050654870973824,0.1111111111111111,0.8478260869565218,0.0,0.0789473684210526,1.0,0.0,0.0,0.0,0.0,0.0,0.0,0.0,0.0,0.0,1.0,0.0,0.0,0.0,1.0,0.0,0.0
0.0,0.6919607638095984,0.1400221497814467,0.9725434020626884,0.0,1.0,0.3963961033663014,0.5459335388677905,0.637046565405045,1.0,0.4848646016217519,0.0355974592383506,0.7385490938743864,0.3598283840904516,0.2891109089527387,0.2230795076938984,0.6994953800247126,0.2304600212225362,0.5842630803135235,0.1317767364514414,0.3490697612681216,0.5181277332570547,0.577208020678737,0.4414554931689956,0.6050654870973824,0.1111111111111111,0.8478260869565218,0.0,0.0789473684210526,0.0,0.0,1.0,0.0,0.0,0.0,0.0,0.0,0.0,0.0,1.0,0.0,0.0,0.0,1.0,0.1459439835251184,0.1689337015631055
0.4451416446432361,0.2973378061503465,0.061079451917655,0.497474756629813,0.4416470943399805,0.0894082132749091,0.4458660540927302,0.2977042796677956,0.437284763804679,0.4119428287988013,0.51957728744436,0.3959104840122255,0.4787492005870098,0.2618802325190634,0.3263710203235023,0.5335002140838557,0.4232612493016622,0.5959838317363365,0.7090497032621961,0.4175699004422404,0.3334915219732015,0.5180119324321485,0.5334364054844288,0.5267853255287205,0.1620254885868745,0.1111111111111111,0.8478260869565218,0.0,0.0789473684210526,1.0,0.0,0.0,0.0,0.0,0.0,0.0,0.0,0.0,0.0,1.0,0.0,0.0,0.0,1.0,0.4751387988383122,0.7118764427166557
0.4749814917746053,0.5523385355355962,0.1124601596604261,0.3993083339910267,0.4447810247026268,0.1714657240902787,0.258376036867496,0.5011223435095797,0.2444361076596558,0.463410186930174,0.7130539849187695,0.4260354585343627,0.4625164075904794,0.2685153898476199,0.4021392472324228,0.3413694085396269,0.4184364165698067,0.4881284743948647,0.4483417698345495,0.4718805515789381,0.3634096768352657,0.703597483356532,0.4039212168613637,0.0932253636853624,0.2547001098403648,0.1111111111111111,0.8478260869565218,0.0,0.0789473684210526,0.0,1.0,0.0,0.0,0.0,0.0,0.0,0.0,0.0,0.0,1.0,0.0,0.0,0.0,1.0,0.2784980173894971,0.4803541775363139
0.6632368126387066,0.7073608899521188,0.4023663559638579,1.0,0.3841815506320141,0.1174057350256812,0.3494839189587231,0.3079386162026496,0.3081839176817006,0.4946409377928794,0.3301306019220092,0.7249666870077811,0.5950415050521016,0.4444106903592004,0.1977604749958098,0.575176014848779,0.7500822713273355,0.5726469378747598,0.4883552592831626,0.5936916822382534,0.6774172051781757,0.3218124097484522,0.7313478573639054,0.6124107124832339,0.3125841781472038,0.1507936507936508,0.8586956521739131,0.9029850746268656,0.7894736842105263,0.0,1.0,0.0,0.0,0.0,0.0,0.0,0.0,0.0,0.0,1.0,0.0,0.0,0.0,1.0,0.0460935716975611,0.0
0.6632368126387066,0.7073608899521188,0.4023663559638579,1.0,0.3841815506320141,0.1174057350256812,0.3494839189587231,0.3079386162026496,0.3081839176817006,0.4946409377928794,0.3301306019220092,0.7249666870077811,0.5950415050521016,0.4444106903592004,0.1977604749958098,0.575176014848779,0.7500822713273355,0.5726469378747598,0.4883552592831626,0.5936916822382534,0.6774172051781757,0.3218124097484522,0.7313478573639054,0.6124107124832339,0.3125841781472038,0.1111111111111111,0.8478260869565218,0.0,0.0789473684210526,1.0,0.0,0.0,0.0,0.0,0.0,0.0,0.0,0.0,0.0,1.0,0.0,0.0,0.0,1.0,0.4025178929428507,0.6523099827368124
0.6632368126387066,0.7073608899521188,0.4023663559638579,1.0,0.3841815506320141,0.1174057350256812,0.3494839189587231,0.3079386162026496,0.3081839176817006,0.4946409377928794,0.3301306019220092,0.7249666870077811,0.5950415050521016,0.4444106903592004,0.1977604749958098,0.575176014848779,0.7500822713273355,0.5726469378747598,0.4883552592831626,0.5936916822382534,0.6774172051781757,0.3218124097484522,0.7313478573639054,0.6124107124832339,0.3125841781472038,0.1111111111111111,0.8478260869565218,0.0,0.0789473684210526,0.0,0.0,1.0,0.0,0.0,0.0,0.0,0.0,0.0,0.0,1.0,0.0,0.0,0.0,1.0,0.4935024279290901,0.6305619366106432
0.6632368126387066,0.7073608899521188,0.4023663559638579,1.0,0.3841815506320141,0.1174057350256812,0.3494839189587231,0.3079386162026496,0.3081839176817006,0.4946409377928794,0.3301306019220092,0.7249666870077811,0.5950415050521016,0.4444106903592004,0.1977604749958098,0.575176014848779,0.7500822713273355,0.5726469378747598,0.4883552592831626,0.5936916822382534,0.6774172051781757,0.3218124097484522,0.7313478573639054,0.6124107124832339,0.3125841781472038,1.0,0.7500000000000001,0.7014925373134328,0.3157894736842105,0.0,0.0,1.0,0.0,0.0,0.0,0.0,0.0,0.0,0.0,1.0,0.0,0.0,0.0,1.0,0.0,0.0
0.2598118174588415,0.240850728377077,0.7323806522503258,0.5509902841680754,0.5591313983102528,0.1395283131959717,0.173617012460753,0.4634375340121572,0.5594780198382983,0.1970174804687738,0.628358355233165,0.3697322805224785,0.2497273090559554,0.4169981585354749,0.1480853562140026,0.165286370378393,0.5152538236511311,0.4584182145692568,0.5467356265720745,0.5076070918566213,0.1918607289912499,0.5956658579022096,0.3062884762903966,0.5182653873379357,0.6847779540283501,0.5793650793650793,0.3695652173913044,0.6343283582089552,0.131578947368421,1.0,0.0,0.0,0.0,0.0,0.0,0.0,0.0,0.0,0.0,1.0,0.0,0.0,0.0,1.0,0.1041046636913376,0.1902194734170426
0.3747681180896042,0.3146910723464839,0.0103060405051062,0.563437016767439,0.3402876096262466,0.137360317932085,0.4936338541937351,0.4189562379285321,0.4567365381602531,0.4622037853595139,0.5053881060065234,0.4095911661076228,0.4008080920505656,0.4719867879218409,0.5803838367501305,0.7030194826141437,0.6615965480751889,0.3159913299767826,0.4212742934201507,0.8212820077175189,0.322781766868732,0.6298860270549411,0.460970309038109,0.2621820520857806,0.2333293654257384,0.1111111111111111,0.8478260869565218,0.0,0.0789473684210526,0.0,1.0,0.0,0.0,0.0,0.0,0.0,0.0,0.0,0.0,1.0,0.0,0.0,0.0,1.0,0.6554356104585445,0.7790292371429394
0.3747681180896042,0.3146910723464839,0.0103060405051062,0.563437016767439,0.3402876096262466,0.137360317932085,0.4936338541937351,0.4189562379285321,0.4567365381602531,0.4622037853595139,0.5053881060065234,0.4095911661076228,0.4008080920505656,0.4719867879218409,0.5803838367501305,0.7030194826141437,0.6615965480751889,0.3159913299767826,0.4212742934201507,0.8212820077175189,0.322781766868732,0.6298860270549411,0.460970309038109,0.2621820520857806,0.2333293654257384,1.0,0.7500000000000001,0.7014925373134328,0.3157894736842105,0.0,0.0,1.0,0.0,0.0,0.0,0.0,0.0,0.0,0.0,1.0,0.0,0.0,1.0,0.0,0.5398757137534069,0.5398757137534069
0.3747681180896042,0.3146910723464839,0.0103060405051062,0.563437016767439,0.3402876096262466,0.137360317932085,0.4936338541937351,0.4189562379285321,0.4567365381602531,0.4622037853595139,0.5053881060065234,0.4095911661076228,0.4008080920505656,0.4719867879218409,0.5803838367501305,0.7030194826141437,0.6615965480751889,0.3159913299767826,0.4212742934201507,0.8212820077175189,0.322781766868732,0.6298860270549411,0.460970309038109,0.2621820520857806,0.2333293654257384,0.8095238095238095,0.6630434782608696,0.6716417910447761,0.1842105263157895,0.0,1.0,0.0,0.0,0.0,0.0,0.0,0.0,0.0,0.0,1.0,0.0,0.0,0.0,1.0,0.1446454141389136,0.1881406057075145
0.5193106752152821,0.2991856985634203,0.0438046205154287,0.5322542030645798,0.3996081395609276,0.1577707172977344,0.4768387853854686,0.4223155636929277,0.5551601321293554,0.5386323708391348,0.4005162033900699,0.248757454311012,0.488125308598012,0.2558662262531925,0.5501402589778461,0.2187340289099096,0.166792831956159,0.3749247721384537,0.3781003437930169,0.6283764427969084,0.137142192250801,0.4384155174470793,0.6351128154282375,0.7680445130044189,0.1026401434333851,0.0,1.0000000000000002,0.7761194029850745,1.0,0.0,0.0,1.0,0.0,0.0,0.0,0.0,0.0,0.0,0.0,1.0,0.0,0.0,0.0,1.0,0.1147573357894868,0.1719463619017143
0.5193106752152821,0.2991856985634203,0.0438046205154287,0.5322542030645798,0.3996081395609276,0.1577707172977344,0.4768387853854686,0.4223155636929277,0.5551601321293554,0.5386323708391348,0.4005162033900699,0.248757454311012,0.488125308598012,0.2558662262531925,0.5501402589778461,0.2187340289099096,0.166792831956159,0.3749247721384537,0.3781003437930169,0.6283764427969084,0.137142192250801,0.4384155174470793,0.6351128154282375,0.7680445130044189,0.1026401434333851,0.5158730158730158,0.0,0.8656716417910446,0.368421052631579,1.0,0.0,0.0,0.0,0.0,0.0,0.0,0.0,0.0,0.0,1.0,0.0,0.0,1.0,0.0,0.1132191261182261,0.2018356511473779
0.5193106752152821,0.2991856985634203,0.0438046205154287,0.5322542030645798,0.3996081395609276,0.1577707172977344,0.4768387853854686,0.4223155636929277,0.5551601321293554,0.5386323708391348,0.4005162033900699,0.248757454311012,0.488125308598012,0.2558662262531925,0.5501402589778461,0.2187340289099096,0.166792831956159,0.3749247721384537,0.3781003437930169,0.6283764427969084,0.137142192250801,0.4384155174470793,0.6351128154282375,0.7680445130044189,0.1026401434333851,0.1111111111111111,0.8478260869565218,0.0,0.0789473684210526,0.0,1.0,0.0,0.0,0.0,0.0,0.0,0.0,0.0,0.0,1.0,0.0,0.0,0.0,1.0,0.6316075219636357,0.7833459613949725
0.5193106752152821,0.2991856985634203,0.0438046205154287,0.5322542030645798,0.3996081395609276,0.1577707172977344,0.4768387853854686,0.4223155636929277,0.5551601321293554,0.5386323708391348,0.4005162033900699,0.248757454311012,0.488125308598012,0.2558662262531925,0.5501402589778461,0.2187340289099096,0.166792831956159,0.3749247721384537,0.3781003437930169,0.6283764427969084,0.137142192250801,0.4384155174470793,0.6351128154282375,0.7680445130044189,0.1026401434333851,0.1111111111111111,0.8478260869565218,0.0,0.0789473684210526,0.0,0.0,1.0,0.0,0.0,0.0,0.0,0.0,0.0,0.0,1.0,0.0,0.0,0.0,1.0,0.4186188746406353,0.5424084271974995
0.5193106752152821,0.2991856985634203,0.0438046205154287,0.5322542030645798,0.3996081395609276,0.1577707172977344,0.4768387853854686,0.4223155636929277,0.5551601321293554,0.5386323708391348,0.4005162033900699,0.248757454311012,0.488125308598012,0.2558662262531925,0.5501402589778461,0.2187340289099096,0.166792831956159,0.3749247721384537,0.3781003437930169,0.6283764427969084,0.137142192250801,0.4384155174470793,0.6351128154282375,0.7680445130044189,0.1026401434333851,0.8095238095238095,0.6630434782608696,0.6716417910447761,0.1842105263157895,1.0,0.0,0.0,0.0,0.0,0.0,0.0,0.0,0.0,0.0,1.0,0.0,0.0,0.0,1.0,0.1132956216589635,0.151437180100786
0.6107938461200941,0.280548104703101,0.0753906394330873,0.2585821643021868,0.4313243720355705,0.2883937033535753,0.2746890266347236,0.5130070048786628,0.3821844740008134,0.4799794600476118,0.4184597350933438,0.1472129644396189,0.3851437003421916,0.5302950826240588,0.1491729562676178,0.5695684554126477,0.6161355668124271,0.2842189181177334,0.1224955248958173,0.2459391419031179,0.6831166840439646,0.3597309894092317,0.5883444987425862,0.4470504961658783,0.4303838192424985,0.1111111111111111,0.8478260869565218,0.0,0.0789473684210526,1.0,0.0,0.0,0.0,0.0,0.0,0.0,0.0,0.0,0.0,1.0,0.0,0.0,0.0,1.0,0.4137631425242193,0.5764430882450838
0.6107938461200941,0.280548104703101,0.0753906394330873,0.2585821643021868,0.4313243720355705,0.2883937033535753,0.2746890266347236,0.5130070048786628,0.3821844740008134,0.4799794600476118,0.4184597350933438,0.1472129644396189,0.3851437003421916,0.5302950826240588,0.1491729562676178,0.5695684554126477,0.6161355668124271,0.2842189181177334,0.1224955248958173,0.2459391419031179,0.6831166840439646,0.3597309894092317,0.5883444987425862,0.4470504961658783,0.4303838192424985,0.1111111111111111,0.8478260869565218,0.0,0.0789473684210526,0.0,1.0,0.0,0.0,0.0,0.0,0.0,0.0,0.0,0.0,1.0,0.0,0.0,0.0,1.0,0.509284682653793,0.6748385508914019
0.606792470427111,0.403937015839357,0.110295855304943,0.9583260016846732,1.0,0.994886976828897,0.8080657494116139,0.1371279168461666,0.3008199443897619,0.5265498793845717,0.9628554406422776,0.2836039644563969,0.0,0.2831365551045604,0.4072543067768681,0.5242743269670358,0.301943822806261,0.3220777476811906,0.3818607428746906,0.5285559042571352,0.673492358955574,0.4114452964466031,0.5794512558560431,0.4133868788997509,0.3928042876365788,0.0,1.0000000000000002,0.7761194029850745,1.0,0.0,1.0,0.0,0.0,0.0,0.0,0.0,0.0,0.0,0.0,1.0,0.0,0.0,0.0,1.0,0.0089218874940802,0.0
0.5181843681568313,0.1728415109573113,0.0788120149376669,0.0833421429006691,0.374457354934977,0.3582595450965123,0.3320711773143905,0.5344282003054325,0.2877993759987708,0.4429603150180274,0.5628844960261956,0.255907256147621,0.4219841799715573,0.4279789797309027,0.3275994248085524,0.7446476374565905,0.5940569696300637,0.3233106352240527,0.7570783285686963,0.0097382894241986,0.9582969762502924,0.5085172608080222,0.3777075107858694,0.945430738395686,0.6569703099797366,0.1111111111111111,0.8478260869565218,0.0,0.0789473684210526,0.0,1.0,0.0,0.0,0.0,0.0,0.0,0.0,0.0,0.0,1.0,0.0,0.0,0.0,1.0,0.0928593123651986,0.1801758054782223
0.5229502049279376,0.2876179125828929,0.5075448167713714,0.5500567714461995,0.2945206781516795,0.1856276960070231,0.7482957685575153,0.2219128989953222,0.0749218931665273,0.2762858682489742,0.4270499942036637,0.4192937494153478,0.5415627631598259,0.4233358129882405,0.8546086193068465,0.0,0.3884975251532317,0.205788690259477,0.4417899688421557,0.0378412237723732,0.7539936699576884,0.6402474219062546,0.3698954126415079,0.5557491222399213,0.2028999922679972,0.4761904761904761,0.25,0.6194029850746268,0.0,1.0,0.0,0.0,0.0,0.0,0.0,0.0,0.0,0.0,0.0,1.0,0.0,0.0,0.0,1.0,0.0238286035808783,0.0
0.5229502049279376,0.2876179125828929,0.5075448167713714,0.5500567714461995,0.2945206781516795,0.1856276960070231,0.7482957685575153,0.2219128989953222,0.0749218931665273,0.2762858682489742,0.4270499942036637,0.4192937494153478,0.5415627631598259,0.4233358129882405,0.8546086193068465,0.0,0.3884975251532317,0.205788690259477,0.4417899688421557,0.0378412237723732,0.7539936699576884,0.6402474219062546,0.3698954126415079,0.5557491222399213,0.2028999922679972,0.1111111111111111,0.8478260869565218,0.0,0.0789473684210526,0.0,1.0,0.0,0.0,0.0,0.0,0.0,0.0,0.0,0.0,1.0,0.0,0.0,0.0,1.0,0.0260126819638608,0.0
0.4402316783354023,0.237538803876679,0.1302231898707016,0.4066081476081392,0.435086655531878,0.2267817579119308,0.3602287228524318,0.3775038317882777,0.4145071801057062,0.4884297607311198,0.4400148116033383,0.4028046407952206,0.5317999428646559,0.2855797570325681,0.4153879893066556,0.4257345287624855,0.4942020216597798,0.3454433120175541,0.8060844895264552,0.6615790662219334,0.7656755622067775,0.716116242694572,0.4861357781886125,0.5267196396048311,0.0423491723696475,0.5158730158730158,0.0,0.8656716417910446,0.368421052631579,0.0,1.0,0.0,0.0,0.0,0.0,0.0,0.0,0.0,0.0,1.0,0.0,0.0,1.0,0.0,0.0087069504518255,0.0
0.4402316783354023,0.237538803876679,0.1302231898707016,0.4066081476081392,0.435086655531878,0.2267817579119308,0.3602287228524318,0.3775038317882777,0.4145071801057062,0.4884297607311198,0.4400148116033383,0.4028046407952206,0.5317999428646559,0.2855797570325681,0.4153879893066556,0.4257345287624855,0.4942020216597798,0.3454433120175541,0.8060844895264552,0.6615790662219334,0.7656755622067775,0.716116242694572,0.4861357781886125,0.5267196396048311,0.0423491723696475,0.1111111111111111,0.8478260869565218,0.0,0.0789473684210526,1.0,0.0,0.0,0.0,0.0,0.0,0.0,0.0,0.0,0.0,1.0,0.0,0.0,1.0,0.0,0.0180784368855688,0.0
0.4402316783354023,0.237538803876679,0.1302231898707016,0.4066081476081392,0.435086655531878,0.2267817579119308,0.3602287228524318,0.3775038317882777,0.4145071801057062,0.4884297607311198,0.4400148116033383,0.4028046407952206,0.5317999428646559,0.2855797570325681,0.4153879893066556,0.4257345287624855,0.4942020216597798,0.3454433120175541,0.8060844895264552,0.6615790662219334,0.7656755622067775,0.716116242694572,0.4861357781886125,0.5267196396048311,0.0423491723696475,0.1111111111111111,0.8478260869565218,0.0,0.0789473684210526,0.0,1.0,0.0,0.0,0.0,0.0,0.0,0.0,0.0,0.0,1.0,0.0,0.0,0.0,1.0,0.0925354357001182,0.1758263084054463
0.4402316783354023,0.237538803876679,0.1302231898707016,0.4066081476081392,0.435086655531878,0.2267817579119308,0.3602287228524318,0.3775038317882777,0.4145071801057062,0.4884297607311198,0.4400148116033383,0.4028046407952206,0.5317999428646559,0.2855797570325681,0.4153879893066556,0.4257345287624855,0.4942020216597798,0.3454433120175541,0.8060844895264552,0.6615790662219334,0.7656755622067775,0.716116242694572,0.4861357781886125,0.5267196396048311,0.0423491723696475,0.1111111111111111,0.8478260869565218,0.0,0.0789473684210526,0.0,0.0,1.0,0.0,0.0,0.0,0.0,0.0,0.0,0.0,1.0,0.0,0.0,0.0,1.0,0.0539086916685771,0.0982505995537097
0.4750637827844864,0.4045007374729323,0.2403157184594224,0.4149578096828393,0.7522741077638512,0.4624337767776282,0.5640629367148302,0.5489516267006802,0.522922127513636,0.0663086879079005,0.2562916953586525,0.553291053469728,1.0,0.1440311819930739,0.3447222855926326,0.6104320903355275,0.5294220440244195,0.2686425542218312,0.3415045888985949,0.156126844966663,0.2141216906333881,0.6018849224962102,0.2895272102486815,0.6610299647873681,0.5368212027219369,0.0,1.0000000000000002,0.7761194029850745,1.0,1.0,0.0,0.0,0.0,0.0,0.0,0.0,0.0,0.0,0.0,1.0,0.0,0.0,0.0,1.0,0.0,0.0
0.4750637827844864,0.4045007374729323,0.2403157184594224,0.4149578096828393,0.7522741077638512,0.4624337767776282,0.5640629367148302,0.5489516267006802,0.522922127513636,0.0663086879079005,0.2562916953586525,0.553291053469728,1.0,0.1440311819930739,0.3447222855926326,0.6104320903355275,0.5294220440244195,0.2686425542218312,0.3415045888985949,0.156126844966663,0.2141216906333881,0.6018849224962102,0.2895272102486815,0.6610299647873681,0.5368212027219369,0.1111111111111111,0.8478260869565218,0.0,0.0789473684210526,1.0,0.0,0.0,0.0,0.0,0.0,0.0,0.0,0.0,0.0,1.0,0.0,0.0,1.0,0.0,0.0178255311589515,0.0
0.4750637827844864,0.4045007374729323,0.2403157184594224,0.4149578096828393,0.7522741077638512,0.4624337767776282,0.5640629367148302,0.5489516267006802,0.522922127513636,0.0663086879079005,0.2562916953586525,0.553291053469728,1.0,0.1440311819930739,0.3447222855926326,0.6104320903355275,0.5294220440244195,0.2686425542218312,0.3415045888985949,0.156126844966663,0.2141216906333881,0.6018849224962102,0.2895272102486815,0.6610299647873681,0.5368212027219369,0.1111111111111111,0.8478260869565218,0.0,0.0789473684210526,0.0,1.0,0.0,0.0,0.0,0.0,0.0,0.0,0.0,0.0,1.0,0.0,0.0,0.0,1.0,0.0238186887302941,0.0
0.4106214029552091,0.2414255686199043,0.1925446265581931,0.3606371539112386,0.3651733534776363,0.2421994233237753,0.3980674847368706,0.365674575160992,0.3658044946181882,0.3011811774215425,0.3577445582176181,0.2564769288147435,0.4068424888575323,0.6139600502246289,0.0698014578196635,0.3454102092680242,0.1805369976137628,0.3150039325557742,0.3929034974021382,0.7203499599782867,0.418179297192809,0.0675898201330792,0.5559521933002246,0.5590438690493238,0.2116906648379948,0.0,1.0000000000000002,0.7761194029850745,1.0,0.0,1.0,0.0,0.0,0.0,0.0,0.0,0.0,0.0,0.0,1.0,0.0,0.0,0.0,1.0,0.0,0.0
0.4106214029552091,0.2414255686199043,0.1925446265581931,0.3606371539112386,0.3651733534776363,0.2421994233237753,0.3980674847368706,0.365674575160992,0.3658044946181882,0.3011811774215425,0.3577445582176181,0.2564769288147435,0.4068424888575323,0.6139600502246289,0.0698014578196635,0.3454102092680242,0.1805369976137628,0.3150039325557742,0.3929034974021382,0.7203499599782867,0.418179297192809,0.0675898201330792,0.5559521933002246,0.5590438690493238,0.2116906648379948,0.1111111111111111,0.8478260869565218,0.0,0.0789473684210526,1.0,0.0,0.0,0.0,0.0,0.0,0.0,0.0,0.0,0.0,1.0,0.0,0.0,0.0,1.0,0.0278985588313246,0.0
0.4123898988064035,0.3144558827656036,0.2019296245752816,0.4425137904957568,0.7665260551203694,0.4843563116527414,0.436342794872858,0.4425539284424258,0.5049426135057171,0.0480386083279359,0.264716094821453,0.5123334153743919,0.9950551473247063,0.5351642357432242,0.5611820076306159,0.3295720562119388,0.3055349487259665,0.7478953408611344,0.5515457260217487,0.2770321299453687,0.418493186965724,0.090729693421905,0.3741422957559894,0.4032028750904733,0.6702159623659952,0.4761904761904761,0.25,0.6194029850746268,0.0,0.0,0.0,1.0,0.0,0.0,0.0,0.0,0.0,0.0,0.0,1.0,0.0,0.0,0.0,1.0,0.05412225917279,0.0868212726780464
0.9999999999999998,0.0,0.3274805785092604,0.2322817842270105,0.003966975552736,0.6539424467884349,0.3940238459905009,0.4130198782531141,1.0,0.1243798626719283,1.0,1.0,0.4751336074043896,0.5184604147075573,0.4717804589368666,0.4769328394085051,0.2138312221500259,0.0831830181712814,0.5163100429895383,0.5960801880583293,0.350835930355877,0.2724074634496106,0.5987571899617328,0.4293926199989573,0.5320491533725544,0.1507936507936508,0.8586956521739131,0.9029850746268656,0.7894736842105263,0.0,0.0,1.0,0.0,0.0,0.0,0.0,0.0,0.0,0.0,1.0,0.0,0.0,0.0,1.0,0.0,0.0
0.9999999999999998,0.0,0.3274805785092604,0.2322817842270105,0.003966975552736,0.6539424467884349,0.3940238459905009,0.4130198782531141,1.0,0.1243798626719283,1.0,1.0,0.4751336074043896,0.5184604147075573,0.4717804589368666,0.4769328394085051,0.2138312221500259,0.0831830181712814,0.5163100429895383,0.5960801880583293,0.350835930355877,0.2724074634496106,0.5987571899617328,0.4293926199989573,0.5320491533725544,0.5158730158730158,0.0,0.8656716417910446,0.368421052631579,0.0,1.0,0.0,0.0,0.0,0.0,0.0,0.0,0.0,0.0,1.0,0.0,0.0,0.0,1.0,0.0,0.0
0.9999999999999998,0.0,0.3274805785092604,0.2322817842270105,0.003966975552736,0.6539424467884349,0.3940238459905009,0.4130198782531141,1.0,0.1243798626719283,1.0,1.0,0.4751336074043896,0.5184604147075573,0.4717804589368666,0.4769328394085051,0.2138312221500259,0.0831830181712814,0.5163100429895383,0.5960801880583293,0.350835930355877,0.2724074634496106,0.5987571899617328,0.4293926199989573,0.5320491533725544,0.4761904761904761,0.25,0.6194029850746268,0.0,0.0,0.0,1.0,0.0,0.0,0.0,0.0,0.0,0.0,0.0,1.0,0.0,0.0,0.0,1.0,0.0,0.0
0.9999999999999998,0.0,0.3274805785092604,0.2322817842270105,0.003966975552736,0.6539424467884349,0.3940238459905009,0.4130198782531141,1.0,0.1243798626719283,1.0,1.0,0.4751336074043896,0.5184604147075573,0.4717804589368666,0.4769328394085051,0.2138312221500259,0.0831830181712814,0.5163100429895383,0.5960801880583293,0.350835930355877,0.2724074634496106,0.5987571899617328,0.4293926199989573,0.5320491533725544,0.5793650793650793,0.3695652173913044,0.6343283582089552,0.131578947368421,0.0,1.0,0.0,0.0,0.0,0.0,0.0,0.0,0.0,0.0,1.0,0.0,0.0,0.0,1.0,0.0,0.0
0.9999999999999998,0.0,0.3274805785092604,0.2322817842270105,0.003966975552736,0.6539424467884349,0.3940238459905009,0.4130198782531141,1.0,0.1243798626719283,1.0,1.0,0.4751336074043896,0.5184604147075573,0.4717804589368666,0.4769328394085051,0.2138312221500259,0.0831830181712814,0.5163100429895383,0.5960801880583293,0.350835930355877,0.2724074634496106,0.5987571899617328,0.4293926199989573,0.5320491533725544,0.1111111111111111,0.8478260869565218,0.0,0.0789473684210526,0.0,1.0,0.0,0.0,0.0,0.0,0.0,0.0,0.0,0.0,1.0,0.0,0.0,0.0,1.0,0.0,0.0
0.7310802393087108,0.4746730399534514,0.4682130207711116,0.499890653895595,0.3550337558930935,0.4062557720921537,0.3259741863508016,0.5269178663300533,0.2514753410896681,0.4811988359100475,0.4166049189603216,0.343231196478989,0.5668516967907777,0.0802765010977005,0.5744585926133379,0.1906788574556628,0.5769748793738072,0.6443450755263235,0.173375463828361,0.6890271411645246,0.4133054889741712,0.7051243786956736,0.4584450510134475,0.4276792947729338,0.3014718789055475,0.1111111111111111,0.8478260869565218,0.0,0.0789473684210526,0.0,1.0,0.0,0.0,0.0,0.0,0.0,0.0,0.0,0.0,1.0,0.0,0.0,0.0,1.0,0.0,0.0
0.4351247207084866,0.325487430160852,0.3800033146656042,0.3312780488610011,0.4122380032750663,0.1739561636917094,0.3064616440596472,0.3990161410425167,0.0962193001892198,0.6445804587554577,0.6643441017405709,0.2647980207677466,0.5625430634512424,0.3757165927711418,0.6640774469195019,0.600236502282396,0.3757366524093764,0.4342045235487773,0.2759204405087297,0.4728245557263782,0.3788892089559523,0.2744115624567476,1.0,0.5914315417990973,0.487486366194698,0.5158730158730158,0.0,0.8656716417910446,0.368421052631579,0.0,1.0,0.0,0.0,0.0,0.0,0.0,0.0,0.0,0.0,1.0,0.0,0.0,0.0,1.0,0.0636948003977183,0.1093689400811928
0.4351247207084866,0.325487430160852,0.3800033146656042,0.3312780488610011,0.4122380032750663,0.1739561636917094,0.3064616440596472,0.3990161410425167,0.0962193001892198,0.6445804587554577,0.6643441017405709,0.2647980207677466,0.5625430634512424,0.3757165927711418,0.6640774469195019,0.600236502282396,0.3757366524093764,0.4342045235487773,0.2759204405087297,0.4728245557263782,0.3788892089559523,0.2744115624567476,1.0,0.5914315417990973,0.487486366194698,0.4761904761904761,0.25,0.6194029850746268,0.0,0.0,1.0,0.0,0.0,0.0,0.0,0.0,0.0,0.0,0.0,1.0,0.0,0.0,0.0,1.0,0.0,0.0
0.6589342154633077,0.5879857079086505,0.2915610816944602,0.8572495740037867,0.3911974643493792,0.1635375388417068,0.4068731870164297,0.2926595593709247,0.2919921257805599,0.4404075821626164,0.2753316547795515,0.5427426354571827,0.4669544547991792,0.4922878944882795,0.4694488340126161,0.457516217087575,0.6771536675657902,0.3516972532587648,0.447993724567061,0.3630983420916258,0.3506790706328769,0.330433905128777,0.5322213207692685,0.5902769979537668,0.3736829644267931,0.1111111111111111,0.8478260869565218,0.0,0.0789473684210526,1.0,0.0,0.0,0.0,0.0,0.0,0.0,0.0,0.0,0.0,1.0,0.0,0.0,0.0,1.0,0.0272054478778769,0.0
0.4725081650909593,0.2635775385209586,0.0738406455925352,0.2045230985169499,0.4258505023139158,0.3041043905496752,0.3230826312719422,0.5203937980561559,0.3280838269010256,0.4434674866427268,0.5014974870866199,0.3521912672999283,0.4262091636617403,0.2824874248456268,0.1704069859903361,0.6273296329249629,0.5243516170161433,0.4398499676460558,0.8015066994453774,0.2182370106950426,1.0,0.6961110685725765,0.6396546795775587,0.6775477916992784,0.2898614559336889,0.4761904761904761,0.25,0.6194029850746268,0.0,0.0,0.0,1.0,0.0,0.0,0.0,0.0,0.0,0.0,1.0,0.0,0.0,0.0,0.0,1.0,0.4190506484975429,0.5107156880224362
0.4725081650909593,0.2635775385209586,0.0738406455925352,0.2045230985169499,0.4258505023139158,0.3041043905496752,0.3230826312719422,0.5203937980561559,0.3280838269010256,0.4434674866427268,0.5014974870866199,0.3521912672999283,0.4262091636617403,0.2824874248456268,0.1704069859903361,0.6273296329249629,0.5243516170161433,0.4398499676460558,0.8015066994453774,0.2182370106950426,1.0,0.6961110685725765,0.6396546795775587,0.6775477916992784,0.2898614559336889,0.1111111111111111,0.8478260869565218,0.0,0.0789473684210526,1.0,0.0,0.0,0.0,0.0,0.0,0.0,0.0,0.0,0.0,1.0,0.0,0.0,0.0,1.0,0.3780949524837461,0.4765012367695845
0.4068862725294,0.31425067335883,0.2570607797807136,0.410362719660605,0.3774252682399616,0.1549870180074886,0.3821670083456452,0.4543504752187577,0.2935236268947811,0.6548034345695887,0.7124404299081858,0.4755776491768484,0.4039006725420018,0.4396107258111271,1.0,0.8064792403734371,0.5319299707567622,0.5063089185005172,0.4342360504855506,0.2269101201861284,0.3384410576867643,0.289715392722479,0.3111372551373623,0.2581242050198524,0.3169208077555004,0.4761904761904761,0.25,0.6194029850746268,0.0,1.0,0.0,0.0,0.0,0.0,0.0,0.0,0.0,0.0,0.0,1.0,0.0,0.0,0.0,1.0,0.390699891889034,0.5910301327025158
0.5758126191486284,0.2565311719006539,1.0,0.6702995247955372,0.4162853709753067,0.0,0.8814223355816619,1.0,0.5660670791097878,0.4852152224169597,0.5072526459474871,0.0026105260709187,0.5061898200307804,0.3036963489856813,0.4943526924866944,0.5613875105794943,0.3129986180157144,0.4914818109388565,0.6039025249803203,0.4750449508238697,0.8442659897779916,0.0406910932439371,0.4549360045215641,0.2440967301587971,0.4892705810826665,0.1111111111111111,0.8478260869565218,0.0,0.0789473684210526,1.0,0.0,0.0,0.0,0.0,0.0,0.0,0.0,0.0,0.0,1.0,0.0,0.0,1.0,0.0,0.0545978376176742,0.1141539400192835
0.3118267356464927,0.6760185268144971,0.3193591767333708,0.5309688316729921,0.3358044039213148,0.3777827798468983,0.1712892155291847,0.3612298260845619,0.4813852578872546,0.2470831407727917,0.5112103528283147,0.4844120280682942,0.3939709174020456,0.6073168307342411,0.7302581347812882,0.1335470171800476,0.0783570795384192,0.7819255654898414,0.09549082565131,0.0127234942304234,0.7672497342552477,0.5694163320960597,0.546666238943232,0.3008640856782533,0.2516695290732797,0.1111111111111111,0.8478260869565218,0.0,0.0789473684210526,1.0,0.0,0.0,0.0,0.0,0.0,0.0,0.0,0.0,0.0,1.0,0.0,0.0,0.0,1.0,0.0,0.0
0.2658931444880549,0.9441443941052616,0.3153816117207177,0.1847391622675762,0.2591939536959857,0.1787788287682941,1.0,0.2364530954499806,0.0,0.4823563168810706,0.7191043988205122,0.7248407218752011,0.6201878707269884,1.0,0.0,0.4365606354730453,0.3932164810941903,0.5366116420042453,0.3937615554916479,0.4932034946732394,0.3453794250339499,0.3543816214304929,0.3865651557425758,0.2491840462218449,0.3580418710330502,0.1111111111111111,0.8478260869565218,0.0,0.0789473684210526,0.0,1.0,0.0,0.0,0.0,1.0,0.0,0.0,0.0,0.0,0.0,0.0,0.0,1.0,0.0,0.2108836318776293,0.3617136232893636
0.7497454858724419,0.3477696303736129,0.5308404632449628,0.5513048856197552,0.3514778028658242,0.2737073206264413,0.4274661849985721,0.4309928769486413,0.3414820596443834,0.6811417481333822,0.5594316886085429,0.2920423173933882,0.6130975748916545,0.225744675970124,0.602807669979798,0.7686167442363099,0.4224360214609718,0.7293950598397139,0.2190722493960621,0.68842465823592,0.5038625789747262,0.7575172096631926,0.3934264937872319,0.7806270346665108,0.4868832953819876,0.5158730158730158,0.0,0.8656716417910446,0.368421052631579,1.0,0.0,0.0,0.0,0.0,0.0,0.0,0.0,0.0,0.0,1.0,0.0,0.0,0.0,1.0,0.1167999424030172,0.2322722224330498
0.4811183378351755,0.2073966283789297,0.0878380954712569,0.4016324205109705,0.446385013680675,0.210620826265572,0.2034299998374113,0.3063074344407855,0.4424124381046711,0.3355974006955081,0.3569995443377273,0.1855796814947657,0.3997523157097128,0.5577944484830388,0.3160118981637109,0.5363826920459288,0.5197942961858935,0.4157151536079104,0.2809018180713364,0.5722166698586235,0.6414517164909439,0.1797158554988486,0.4256873701611023,0.2316611803421428,0.5028251468479104,0.5634920634920635,0.0217391304347827,0.925373134328358,0.736842105263158,0.0,0.0,1.0,0.0,0.0,0.0,0.0,0.0,0.0,0.0,1.0,0.0,0.0,0.0,1.0,0.2159772180717834,0.3794920876147862
0.4811183378351755,0.2073966283789297,0.0878380954712569,0.4016324205109705,0.446385013680675,0.210620826265572,0.2034299998374113,0.3063074344407855,0.4424124381046711,0.3355974006955081,0.3569995443377273,0.1855796814947657,0.3997523157097128,0.5577944484830388,0.3160118981637109,0.5363826920459288,0.5197942961858935,0.4157151536079104,0.2809018180713364,0.5722166698586235,0.6414517164909439,0.1797158554988486,0.4256873701611023,0.2316611803421428,0.5028251468479104,0.5158730158730158,0.0,0.8656716417910446,0.368421052631579,1.0,0.0,0.0,0.0,0.0,0.0,0.0,0.0,0.0,0.0,1.0,0.0,0.0,0.0,1.0,0.4261460181114301,0.6150226315977796
0.4744891733029699,0.2641394359124477,0.1939118469748384,0.361711578074058,0.4087051823638087,0.1757517537501978,0.4111743183235123,0.3671617063542418,0.29479557137796,0.3268356243945668,0.4138293772975217,0.2211245950662411,0.5663733678301139,0.5411096331647318,0.0607010254170105,0.4010845831652532,0.3537006158310715,0.0278341561993469,0.3472309577328145,0.5246968053588036,0.5186791604106912,0.1880222649792875,0.5980336980355448,0.4905815495570343,0.5707589954191925,0.5158730158730158,0.0,0.8656716417910446,0.368421052631579,0.0,0.0,1.0,0.0,0.0,0.0,0.0,0.0,0.0,0.0,1.0,0.0,0.0,0.0,1.0,0.5274660204772831,0.6779265424709722
0.5262062787258298,0.2783043685453386,0.059320273737275,0.4972814563156038,0.4297632114807968,0.1562471305495105,0.4163163559781128,0.4435227674519836,0.5011331354154307,0.4875012978888415,0.3260702614147499,0.2695142055594818,0.4717405025471535,0.174659065555688,0.49342038463344,0.315474612460064,0.256223543184955,0.1659514476048087,0.1849877956247703,0.4866368082187048,0.3695168268081666,0.4552057027547654,0.687698743496839,0.5906475980898079,0.322668729975881,1.0,0.7500000000000001,0.7014925373134328,0.3157894736842105,0.0,1.0,0.0,0.0,0.0,0.0,0.0,0.0,0.0,0.0,1.0,0.0,0.0,0.0,1.0,0.3641357626853895,0.5599561947173513
0.5080110858319793,0.3314322506567163,0.1527003703366604,0.3798204429939022,0.435090151007582,0.2094820376014674,0.4610922450228684,0.3806499184943197,0.5291866768872717,0.3348149473706791,0.2289394756559241,0.2833095965340996,0.3658939310602759,0.6188036157552843,0.4126126338429563,0.7395436436575373,0.5939813952514356,0.1575157740359653,0.3198337468717364,0.5254522478321114,0.4844596286743052,1.0,0.2204817500715534,0.3072328954269456,0.2149097304797583,0.5158730158730158,0.0,0.8656716417910446,0.368421052631579,0.0,1.0,0.0,0.0,0.0,0.0,0.0,0.0,0.0,0.0,1.0,0.0,0.0,0.0,1.0,0.82380409140306,0.8709786350475587
0.5080110858319793,0.3314322506567163,0.1527003703366604,0.3798204429939022,0.435090151007582,0.2094820376014674,0.4610922450228684,0.3806499184943197,0.5291866768872717,0.3348149473706791,0.2289394756559241,0.2833095965340996,0.3658939310602759,0.6188036157552843,0.4126126338429563,0.7395436436575373,0.5939813952514356,0.1575157740359653,0.3198337468717364,0.5254522478321114,0.4844596286743052,1.0,0.2204817500715534,0.3072328954269456,0.2149097304797583,1.0,0.7500000000000001,0.7014925373134328,0.3157894736842105,1.0,0.0,0.0,0.0,0.0,0.0,0.0,0.0,0.0,0.0,1.0,0.0,0.0,0.0,1.0,0.311080726759131,0.5402934467073471
0.2042568643738569,0.2325679800380808,0.7526055370193205,0.5377335484206867,0.4439021721506936,0.2386871671458069,0.2438962106023142,0.5750413629530332,0.5524355316180559,0.3080424217429918,0.5232270043548068,0.3714229582760722,0.1055815871758042,0.2483762687190568,0.1707332285279785,0.4639016471308183,0.5002105956822585,0.139470830262317,0.1999329878403127,0.1004084284952978,0.2355523916811717,0.536233890956717,0.5811200280688396,0.6311035560970776,0.02062669135556,0.6507936507936507,0.1521739130434783,0.880597014925373,0.631578947368421,1.0,0.0,0.0,0.0,0.0,0.0,0.0,0.0,0.0,0.0,1.0,0.0,0.0,0.0,1.0,0.023902407727271,0.0
0.4859780629570833,0.2414582873682554,0.2042618222719841,0.4005198873285391,0.479739926041367,0.1657925569329444,0.2040955283377691,0.3593500980262155,0.2962243301459435,0.6564190111804589,0.7383102874213967,0.3943904785532948,0.5528440444280379,0.3989040308603563,0.5603700922984308,0.4761508491541084,0.5677189033254355,0.4973959455930592,0.7034137223559527,0.3217977347600863,0.3378939652253691,0.1150020980601531,0.4381621210960194,0.5342929947104224,0.4158084481906927,0.4761904761904761,0.25,0.6194029850746268,0.0,0.0,0.0,1.0,0.0,0.0,0.0,0.0,0.0,0.0,0.0,1.0,0.0,0.0,0.0,1.0,0.5205588972713846,0.614571194199041
0.5714446880969448,0.298278451109425,0.3810190582387399,0.4620099654361988,0.2839124937018579,0.4774198994334218,0.2301434901962306,0.153121147196809,0.0619308570128116,0.1156400847301759,0.3000956423076287,0.1711857046799326,0.328671916410545,0.2533142403091684,0.3381687767905833,0.2542934682246452,0.2536172319070947,0.2036207163186255,1.0,0.2596353962303288,0.1284163192973104,0.3575044967827654,0.3208102197124952,0.3463372292013364,0.580954407544558,0.4761904761904761,0.25,0.6194029850746268,0.0,0.0,0.0,1.0,0.0,0.0,0.0,0.0,0.0,0.0,0.0,1.0,0.0,0.0,0.0,1.0,0.0758085619622951,0.1405006733676048
0.3832198515559148,0.2770261572951225,0.0341180960041474,0.5350037980180984,0.3383728142081741,0.2300592283681627,0.4871046741312692,0.285052719850866,0.4937811357003172,0.4629476426409377,0.4267936240143095,0.2394149926769471,0.4103074347994292,0.4793485664711681,0.5696634997776701,0.1690006571235652,0.4857736914186733,0.7292031363789022,0.2117058092088298,1.0,0.2312355869399301,0.229427498271885,0.2521732082765038,0.8465038435566352,0.5516371440020862,0.5158730158730158,0.0,0.8656716417910446,0.368421052631579,0.0,0.0,1.0,0.0,0.0,0.0,0.0,0.0,0.0,0.0,1.0,0.0,0.0,0.0,1.0,0.4837874288635524,0.6510782278554581
0.6799697985604367,0.2526780466628715,0.3505742541564037,0.4377159488989716,0.3859553928216611,0.295026464676878,0.3613985160926256,0.4109202207344659,0.2970758738634959,0.5482832873805249,0.3124955280516597,0.2165646343745685,0.4681046907511872,0.3425603031178102,0.868463337902067,0.1880571526035402,0.2847243729085627,0.4518549590151395,0.7985235011838083,0.2523851902461742,0.4571157786500153,0.3098471827519735,0.4957144020381997,0.4269861449714785,0.2221987646656096,0.1111111111111111,0.8478260869565218,0.0,0.0789473684210526,1.0,0.0,0.0,0.0,0.0,0.0,0.0,0.0,0.0,0.0,1.0,0.0,0.0,0.0,1.0,0.0846224232035043,0.1746239679773343
0.4640827177906246,0.2562558777709499,0.0228256841454017,0.4718055247461065,0.4457240772307381,0.1563214127196768,0.4140844791482488,0.3337299240731014,0.5160067515782262,0.4706251831190567,0.4792708767317449,0.3055376223035352,0.4929197338365295,0.2639725419473585,0.433931118591874,0.2017949935691438,0.3429308998111525,0.7082481725347015,0.9061940138873088,0.5199031643290176,0.2714233906026747,0.5527979342086846,0.2990043960206697,0.5661783337187344,0.2808308970129719,0.4761904761904761,0.25,0.6194029850746268,0.0,1.0,0.0,0.0,0.0,0.0,0.0,0.0,0.0,0.0,0.0,1.0,0.0,0.0,0.0,1.0,0.4709077281115226,0.6726331635273908
0.6277582142287395,0.3768550010449283,0.6324648617414695,0.5011232866970207,0.2552139053876472,0.5134205739428999,0.3160399549449566,0.2523702707418292,0.0379781993433731,0.1055726671913689,0.5659130902357336,0.0,0.590292040138046,0.2006838410544087,0.3480559343467666,0.8829012612722535,0.4088152299860386,0.6234347883136404,0.4064974898986972,0.791624577561899,0.2222542273054276,0.6321975698249507,0.455063942995221,0.7072590783301282,0.420253865258257,0.4761904761904761,0.25,0.6194029850746268,0.0,0.0,1.0,0.0,0.0,0.0,0.0,0.0,0.0,0.0,0.0,1.0,0.0,0.0,0.0,1.0,0.0406471069858671,0.0
0.405207902415313,0.2715048114108864,0.1263036177099665,0.3822111629935481,0.4154390713354169,0.1884276232523814,0.4476441281872256,0.3994897576519336,0.3866118950938904,0.3748892249940247,0.4557191283049269,0.4099470719712572,0.48249620012688,0.1298180042252978,0.335949483748014,0.5054357114091802,0.4246734066458218,0.4634149695764126,0.553268020118235,0.4473086903338875,0.5884680746140075,0.6810742437694886,0.3202084432160078,0.3745375357246489,0.4879310283400532,0.5634920634920635,0.0217391304347827,0.925373134328358,0.736842105263158,1.0,0.0,0.0,0.0,0.0,0.0,0.0,0.0,0.0,0.0,1.0,0.0,0.0,0.0,1.0,0.1071057354177651,0.2005535636636298
0.405207902415313,0.2715048114108864,0.1263036177099665,0.3822111629935481,0.4154390713354169,0.1884276232523814,0.4476441281872256,0.3994897576519336,0.3866118950938904,0.3748892249940247,0.4557191283049269,0.4099470719712572,0.48249620012688,0.1298180042252978,0.335949483748014,0.5054357114091802,0.4246734066458218,0.4634149695764126,0.553268020118235,0.4473086903338875,0.5884680746140075,0.6810742437694886,0.3202084432160078,0.3745375357246489,0.4879310283400532,0.4761904761904761,0.25,0.6194029850746268,0.0,1.0,0.0,0.0,0.0,0.0,0.0,0.0,0.0,0.0,0.0,1.0,0.0,0.0,0.0,1.0,0.3346130659233058,0.5274249981651395
0.2355343228310908,0.1635873162229255,0.7120646204762227,0.5397345408017655,0.5448549281401874,0.080007865645835,0.2309923995319914,0.4811609885750313,0.5506630019566121,0.3262782431151264,0.5837145338278643,0.3703249930774314,0.2874348547482722,0.891749291749967,0.3166669123190254,0.1698738619988674,0.6770257179049165,0.3921424897993474,0.7565106138734958,0.6123817717193656,0.3612183241245976,0.5952202473372499,0.5000145205246431,0.5705841219532344,0.4599852765542994,0.5634920634920635,0.0217391304347827,0.925373134328358,0.736842105263158,0.0,1.0,0.0,0.0,0.0,0.0,0.0,0.0,0.0,0.0,1.0,0.0,0.0,0.0,1.0,0.1093132069127182,0.2499824404357744
0.2355343228310908,0.1635873162229255,0.7120646204762227,0.5397345408017655,0.5448549281401874,0.080007865645835,0.2309923995319914,0.4811609885750313,0.5506630019566121,0.3262782431151264,0.5837145338278643,0.3703249930774314,0.2874348547482722,0.891749291749967,0.3166669123190254,0.1698738619988674,0.6770257179049165,0.3921424897993474,0.7565106138734958,0.6123817717193656,0.3612183241245976,0.5952202473372499,0.5000145205246431,0.5705841219532344,0.4599852765542994,0.4761904761904761,0.25,0.6194029850746268,0.0,0.0,0.0,1.0,0.0,0.0,0.0,0.0,0.0,0.0,0.0,1.0,0.0,0.0,0.0,1.0,0.4017280829637498,0.5896680315391325
0.448182184784221,0.3073003905646208,0.2396204327266297,0.3939236968318472,0.4615361205108367,0.1606896071589392,0.2328395546082053,0.3318362905521553,0.2091187790868533,0.6192756903959027,0.7503896004015492,0.4400682761137292,0.4962846701018998,0.2251208227781015,0.669331383909318,0.5117231277936132,0.4898212857445424,0.3296649349852138,0.6896690727787034,0.2221450404834528,0.2199890146485241,0.3872847795270651,0.4554396950445041,0.5715210893622944,0.1720563228442759,0.5158730158730158,0.0,0.8656716417910446,0.368421052631579,0.0,0.0,1.0,0.0,0.0,0.0,0.0,0.0,0.0,0.0,1.0,0.0,0.0,0.0,1.0,0.4546040885893035,0.5854201962037953
0.6632368126387066,0.7073608899521188,0.4023663559638579,1.0,0.3841815506320141,0.1174057350256812,0.3494839189587231,0.3079386162026496,0.3081839176817006,0.4946409377928794,0.3301306019220092,0.7249666870077811,0.5950415050521016,0.4444106903592004,0.1977604749958098,0.575176014848779,0.7500822713273355,0.5726469378747598,0.4883552592831626,0.5936916822382534,0.6774172051781757,0.3218124097484522,0.7313478573639054,0.6124107124832339,0.3125841781472038,0.5158730158730158,0.0,0.8656716417910446,0.368421052631579,0.0,0.0,1.0,0.0,0.0,0.0,0.0,0.0,0.0,1.0,0.0,0.0,0.0,0.0,1.0,0.0184460221961742,0.0
0.6632368126387066,0.7073608899521188,0.4023663559638579,1.0,0.3841815506320141,0.1174057350256812,0.3494839189587231,0.3079386162026496,0.3081839176817006,0.4946409377928794,0.3301306019220092,0.7249666870077811,0.5950415050521016,0.4444106903592004,0.1977604749958098,0.575176014848779,0.7500822713273355,0.5726469378747598,0.4883552592831626,0.5936916822382534,0.6774172051781757,0.3218124097484522,0.7313478573639054,0.6124107124832339,0.3125841781472038,0.4761904761904761,0.25,0.6194029850746268,0.0,0.0,0.0,1.0,0.0,0.0,0.0,0.0,0.0,0.0,0.0,1.0,0.0,0.0,0.0,1.0,0.5251427138588274,0.7015128222094642
0.3747681180896042,0.3146910723464839,0.0103060405051062,0.563437016767439,0.3402876096262466,0.137360317932085,0.4936338541937351,0.4189562379285321,0.4567365381602531,0.4622037853595139,0.5053881060065234,0.4095911661076228,0.4008080920505656,0.4719867879218409,0.5803838367501305,0.7030194826141437,0.6615965480751889,0.3159913299767826,0.4212742934201507,0.8212820077175189,0.322781766868732,0.6298860270549411,0.460970309038109,0.2621820520857806,0.2333293654257384,0.4761904761904761,0.25,0.6194029850746268,0.0,0.0,1.0,0.0,0.0,0.0,0.0,0.0,0.0,0.0,0.0,1.0,0.0,0.0,0.0,1.0,0.7689477853585435,0.7689477853585435
0.3747681180896042,0.3146910723464839,0.0103060405051062,0.563437016767439,0.3402876096262466,0.137360317932085,0.4936338541937351,0.4189562379285321,0.4567365381602531,0.4622037853595139,0.5053881060065234,0.4095911661076228,0.4008080920505656,0.4719867879218409,0.5803838367501305,0.7030194826141437,0.6615965480751889,0.3159913299767826,0.4212742934201507,0.8212820077175189,0.322781766868732,0.6298860270549411,0.460970309038109,0.2621820520857806,0.2333293654257384,1.0,0.7500000000000001,0.7014925373134328,0.3157894736842105,1.0,0.0,0.0,0.0,0.0,0.0,0.0,0.0,0.0,0.0,1.0,0.0,0.0,0.0,1.0,0.1211540727181823,0.2580232939771919
0.5193106752152821,0.2991856985634203,0.0438046205154287,0.5322542030645798,0.3996081395609276,0.1577707172977344,0.4768387853854686,0.4223155636929277,0.5551601321293554,0.5386323708391348,0.4005162033900699,0.248757454311012,0.488125308598012,0.2558662262531925,0.5501402589778461,0.2187340289099096,0.166792831956159,0.3749247721384537,0.3781003437930169,0.6283764427969084,0.137142192250801,0.4384155174470793,0.6351128154282375,0.7680445130044189,0.1026401434333851,0.5634920634920635,0.0217391304347827,0.925373134328358,0.736842105263158,1.0,0.0,0.0,0.0,0.0,0.0,0.0,0.0,0.0,0.0,1.0,0.0,0.0,0.0,1.0,0.2053735346257049,0.3911684454365635
0.5193106752152821,0.2991856985634203,0.0438046205154287,0.5322542030645798,0.3996081395609276,0.1577707172977344,0.4768387853854686,0.4223155636929277,0.5551601321293554,0.5386323708391348,0.4005162033900699,0.248757454311012,0.488125308598012,0.2558662262531925,0.5501402589778461,0.2187340289099096,0.166792831956159,0.3749247721384537,0.3781003437930169,0.6283764427969084,0.137142192250801,0.4384155174470793,0.6351128154282375,0.7680445130044189,0.1026401434333851,0.4761904761904761,0.25,0.6194029850746268,0.0,0.0,0.0,1.0,0.0,0.0,0.0,0.0,0.0,0.0,0.0,1.0,0.0,0.0,0.0,1.0,0.4152392548031299,0.5545606452510645
0.6107938461200941,0.280548104703101,0.0753906394330873,0.2585821643021868,0.4313243720355705,0.2883937033535753,0.2746890266347236,0.5130070048786628,0.3821844740008134,0.4799794600476118,0.4184597350933438,0.1472129644396189,0.3851437003421916,0.5302950826240588,0.1491729562676178,0.5695684554126477,0.6161355668124271,0.2842189181177334,0.1224955248958173,0.2459391419031179,0.6831166840439646,0.3597309894092317,0.5883444987425862,0.4470504961658783,0.4303838192424985,0.4761904761904761,0.25,0.6194029850746268,0.0,1.0,0.0,0.0,0.0,0.0,0.0,0.0,0.0,0.0,0.0,1.0,0.0,0.0,0.0,1.0,0.5510650665335712,0.7236064903485282
0.4402316783354023,0.237538803876679,0.1302231898707016,0.4066081476081392,0.435086655531878,0.2267817579119308,0.3602287228524318,0.3775038317882777,0.4145071801057062,0.4884297607311198,0.4400148116033383,0.4028046407952206,0.5317999428646559,0.2855797570325681,0.4153879893066556,0.4257345287624855,0.4942020216597798,0.3454433120175541,0.8060844895264552,0.6615790662219334,0.7656755622067775,0.716116242694572,0.4861357781886125,0.5267196396048311,0.0423491723696475,0.5634920634920635,0.0217391304347827,0.925373134328358,0.736842105263158,1.0,0.0,0.0,0.0,0.0,0.0,0.0,0.0,0.0,0.0,1.0,0.0,0.0,0.0,1.0,0.2329471623784179,0.4298991637358447
0.4402316783354023,0.237538803876679,0.1302231898707016,0.4066081476081392,0.435086655531878,0.2267817579119308,0.3602287228524318,0.3775038317882777,0.4145071801057062,0.4884297607311198,0.4400148116033383,0.4028046407952206,0.5317999428646559,0.2855797570325681,0.4153879893066556,0.4257345287624855,0.4942020216597798,0.3454433120175541,0.8060844895264552,0.6615790662219334,0.7656755622067775,0.716116242694572,0.4861357781886125,0.5267196396048311,0.0423491723696475,0.4761904761904761,0.25,0.6194029850746268,0.0,1.0,0.0,0.0,0.0,0.0,0.0,0.0,0.0,0.0,0.0,1.0,0.0,0.0,0.0,1.0,0.0205494023431576,0.0
0.4123898988064035,0.3144558827656036,0.2019296245752816,0.4425137904957568,0.7665260551203694,0.4843563116527414,0.436342794872858,0.4425539284424258,0.5049426135057171,0.0480386083279359,0.264716094821453,0.5123334153743919,0.9950551473247063,0.5351642357432242,0.5611820076306159,0.3295720562119388,0.3055349487259665,0.7478953408611344,0.5515457260217487,0.2770321299453687,0.418493186965724,0.090729693421905,0.3741422957559894,0.4032028750904733,0.6702159623659952,0.0,1.0000000000000002,0.7761194029850745,1.0,1.0,0.0,0.0,0.0,0.0,0.0,0.0,0.0,0.0,0.0,1.0,0.0,0.0,0.0,1.0,0.0,0.0
0.4123898988064035,0.3144558827656036,0.2019296245752816,0.4425137904957568,0.7665260551203694,0.4843563116527414,0.436342794872858,0.4425539284424258,0.5049426135057171,0.0480386083279359,0.264716094821453,0.5123334153743919,0.9950551473247063,0.5351642357432242,0.5611820076306159,0.3295720562119388,0.3055349487259665,0.7478953408611344,0.5515457260217487,0.2770321299453687,0.418493186965724,0.090729693421905,0.3741422957559894,0.4032028750904733,0.6702159623659952,0.4761904761904761,0.25,0.6194029850746268,0.0,0.0,1.0,0.0,0.0,0.0,0.0,0.0,0.0,0.0,0.0,1.0,0.0,0.0,0.0,1.0,0.4415096596685642,0.628722692093011
0.9999999999999998,0.0,0.3274805785092604,0.2322817842270105,0.003966975552736,0.6539424467884349,0.3940238459905009,0.4130198782531141,1.0,0.1243798626719283,1.0,1.0,0.4751336074043896,0.5184604147075573,0.4717804589368666,0.4769328394085051,0.2138312221500259,0.0831830181712814,0.5163100429895383,0.5960801880583293,0.350835930355877,0.2724074634496106,0.5987571899617328,0.4293926199989573,0.5320491533725544,0.0,1.0000000000000002,0.7761194029850745,1.0,1.0,0.0,0.0,0.0,0.0,0.0,0.0,0.0,0.0,0.0,1.0,0.0,0.0,0.0,1.0,0.0,0.0
0.9999999999999998,0.0,0.3274805785092604,0.2322817842270105,0.003966975552736,0.6539424467884349,0.3940238459905009,0.4130198782531141,1.0,0.1243798626719283,1.0,1.0,0.4751336074043896,0.5184604147075573,0.4717804589368666,0.4769328394085051,0.2138312221500259,0.0831830181712814,0.5163100429895383,0.5960801880583293,0.350835930355877,0.2724074634496106,0.5987571899617328,0.4293926199989573,0.5320491533725544,0.5634920634920635,0.0217391304347827,0.925373134328358,0.736842105263158,1.0,0.0,0.0,0.0,0.0,0.0,0.0,0.0,0.0,0.0,1.0,0.0,0.0,0.0,1.0,0.0,0.0
0.9999999999999998,0.0,0.3274805785092604,0.2322817842270105,0.003966975552736,0.6539424467884349,0.3940238459905009,0.4130198782531141,1.0,0.1243798626719283,1.0,1.0,0.4751336074043896,0.5184604147075573,0.4717804589368666,0.4769328394085051,0.2138312221500259,0.0831830181712814,0.5163100429895383,0.5960801880583293,0.350835930355877,0.2724074634496106,0.5987571899617328,0.4293926199989573,0.5320491533725544,0.5158730158730158,0.0,0.8656716417910446,0.368421052631579,0.0,0.0,1.0,0.0,0.0,0.0,0.0,0.0,0.0,0.0,1.0,0.0,0.0,0.0,1.0,0.0290588121072977,0.0
0.4725081650909593,0.2635775385209586,0.0738406455925352,0.2045230985169499,0.4258505023139158,0.3041043905496752,0.3230826312719422,0.5203937980561559,0.3280838269010256,0.4434674866427268,0.5014974870866199,0.3521912672999283,0.4262091636617403,0.2824874248456268,0.1704069859903361,0.6273296329249629,0.5243516170161433,0.4398499676460558,0.8015066994453774,0.2182370106950426,1.0,0.6961110685725765,0.6396546795775587,0.6775477916992784,0.2898614559336889,1.0,0.7500000000000001,0.7014925373134328,0.3157894736842105,1.0,0.0,0.0,0.0,0.0,0.0,0.0,0.0,0.0,0.0,1.0,0.0,0.0,0.0,1.0,0.0806696951681039,0.1749583535426817
0.2658931444880549,0.9441443941052616,0.3153816117207177,0.1847391622675762,0.2591939536959857,0.1787788287682941,1.0,0.2364530954499806,0.0,0.4823563168810706,0.7191043988205122,0.7248407218752011,0.6201878707269884,1.0,0.0,0.4365606354730453,0.3932164810941903,0.5366116420042453,0.3937615554916479,0.4932034946732394,0.3453794250339499,0.3543816214304929,0.3865651557425758,0.2491840462218449,0.3580418710330502,0.4761904761904761,0.25,0.6194029850746268,0.0,0.0,0.0,1.0,0.0,0.0,0.0,0.0,0.0,0.0,1.0,0.0,0.0,0.0,0.0,1.0,0.4592093253249659,0.6722731584308221
0.845118092316133,0.6954291767051386,0.2164457427847239,0.7612265224774846,0.3893142823739482,0.3932841349143264,0.1367678749079147,0.5831698717451903,0.4416237734553306,0.5327768944071207,0.2794691503813316,0.5585465237219929,0.3426392701178857,0.7071269057424039,0.1321019264844533,0.5405047576006363,0.5425622584924259,1.0,0.5542013209635828,0.2991218852845632,0.5352284035656498,0.3452585992117621,0.5448530622074979,0.5902108567134655,0.1768697302616318,0.5158730158730158,0.0,0.8656716417910446,0.368421052631579,0.0,1.0,0.0,0.0,0.0,0.0,0.0,0.0,0.0,0.0,1.0,0.0,0.0,0.0,1.0,0.1726043787070848,0.338402577110513
0.845118092316133,0.6954291767051386,0.2164457427847239,0.7612265224774846,0.3893142823739482,0.3932841349143264,0.1367678749079147,0.5831698717451903,0.4416237734553306,0.5327768944071207,0.2794691503813316,0.5585465237219929,0.3426392701178857,0.7071269057424039,0.1321019264844533,0.5405047576006363,0.5425622584924259,1.0,0.5542013209635828,0.2991218852845632,0.5352284035656498,0.3452585992117621,0.5448530622074979,0.5902108567134655,0.1768697302616318,0.4761904761904761,0.25,0.6194029850746268,0.0,0.0,0.0,1.0,0.0,0.0,0.0,0.0,0.0,0.0,0.0,1.0,0.0,0.0,0.0,1.0,0.1615773842515978,0.264336086933313
0.6351142784210414,0.5332107728576889,0.2146113087114689,0.5958268253609998,0.3623578160535662,0.2536536634489373,0.4668120724822911,0.4530286065345598,0.1557081112940919,0.3355068061202007,0.287251226748453,0.3455183662378049,0.4502914840848036,0.4828435181608799,0.8101509922151855,0.4460402340059616,0.5624194355490052,0.0,0.2328987372581158,0.5641004597998689,0.793376449569138,0.6708037920470755,0.4347187923293972,0.2820705286316932,0.4769268264473919,0.5158730158730158,0.0,0.8656716417910446,0.368421052631579,0.0,1.0,0.0,0.0,0.0,0.0,0.0,0.0,0.0,0.0,1.0,0.0,0.0,0.0,1.0,0.0910746244522477,0.1888383767747079
0.6351142784210414,0.5332107728576889,0.2146113087114689,0.5958268253609998,0.3623578160535662,0.2536536634489373,0.4668120724822911,0.4530286065345598,0.1557081112940919,0.3355068061202007,0.287251226748453,0.3455183662378049,0.4502914840848036,0.4828435181608799,0.8101509922151855,0.4460402340059616,0.5624194355490052,0.0,0.2328987372581158,0.5641004597998689,0.793376449569138,0.6708037920470755,0.4347187923293972,0.2820705286316932,0.4769268264473919,0.4761904761904761,0.25,0.6194029850746268,0.0,0.0,1.0,0.0,0.0,0.0,0.0,0.0,0.0,0.0,0.0,1.0,0.0,0.0,0.0,1.0,0.0507000974865528,0.1034893401048555
0.6351142784210414,0.5332107728576889,0.2146113087114689,0.5958268253609998,0.3623578160535662,0.2536536634489373,0.4668120724822911,0.4530286065345598,0.1557081112940919,0.3355068061202007,0.287251226748453,0.3455183662378049,0.4502914840848036,0.4828435181608799,0.8101509922151855,0.4460402340059616,0.5624194355490052,0.0,0.2328987372581158,0.5641004597998689,0.793376449569138,0.6708037920470755,0.4347187923293972,0.2820705286316932,0.4769268264473919,0.4761904761904761,0.25,0.6194029850746268,0.0,0.0,0.0,1.0,0.0,0.0,0.0,0.0,0.0,0.0,0.0,1.0,0.0,0.0,0.0,1.0,0.0195452726481695,0.0
0.6351142784210414,0.5332107728576889,0.2146113087114689,0.5958268253609998,0.3623578160535662,0.2536536634489373,0.4668120724822911,0.4530286065345598,0.1557081112940919,0.3355068061202007,0.287251226748453,0.3455183662378049,0.4502914840848036,0.4828435181608799,0.8101509922151855,0.4460402340059616,0.5624194355490052,0.0,0.2328987372581158,0.5641004597998689,0.793376449569138,0.6708037920470755,0.4347187923293972,0.2820705286316932,0.4769268264473919,0.5793650793650793,0.3695652173913044,0.6343283582089552,0.131578947368421,0.0,1.0,0.0,0.0,0.0,0.0,0.0,0.0,0.0,0.0,1.0,0.0,0.0,0.0,1.0,0.1625181088971409,0.2939883982526146
0.6351142784210414,0.5332107728576889,0.2146113087114689,0.5958268253609998,0.3623578160535662,0.2536536634489373,0.4668120724822911,0.4530286065345598,0.1557081112940919,0.3355068061202007,0.287251226748453,0.3455183662378049,0.4502914840848036,0.4828435181608799,0.8101509922151855,0.4460402340059616,0.5624194355490052,0.0,0.2328987372581158,0.5641004597998689,0.793376449569138,0.6708037920470755,0.4347187923293972,0.2820705286316932,0.4769268264473919,0.1111111111111111,0.8478260869565218,0.0,0.0789473684210526,0.0,0.0,1.0,0.0,0.0,0.0,0.0,0.0,0.0,0.0,1.0,0.0,0.0,0.0,1.0,0.0059640665950778,0.0
0.6539369627030012,0.474226818452289,0.2197916326190845,0.7223732712716842,0.366587388415479,0.1834733982128724,0.4580483245282972,0.3233640635336034,0.2790279017592375,0.4228463542103287,0.2243958214406204,0.4634040752218598,0.2903047265480243,0.5402627824886865,0.6467886703864478,0.326259321297503,0.6029617307401001,0.1944511521028019,0.4998127622369224,0.205508342541434,0.3315519247549338,0.4301014201613048,0.3852393663232475,0.3343354717710133,0.2696339436864803,0.1111111111111111,0.8478260869565218,0.0,0.0789473684210526,0.0,1.0,0.0,0.0,0.0,0.0,0.0,0.0,0.0,0.0,1.0,0.0,0.0,0.0,1.0,0.5529962378592809,0.7507047385650405
0.4811183378351755,0.2073966283789297,0.0878380954712569,0.4016324205109705,0.446385013680675,0.210620826265572,0.2034299998374113,0.3063074344407855,0.4424124381046711,0.3355974006955081,0.3569995443377273,0.1855796814947657,0.3997523157097128,0.5577944484830388,0.3160118981637109,0.5363826920459288,0.5197942961858935,0.4157151536079104,0.2809018180713364,0.5722166698586235,0.6414517164909439,0.1797158554988486,0.4256873701611023,0.2316611803421428,0.5028251468479104,0.4761904761904761,0.25,0.6194029850746268,0.0,0.0,1.0,0.0,0.0,0.0,0.0,0.0,0.0,0.0,0.0,1.0,0.0,0.0,1.0,0.0,0.707296235473706,0.7831029101838706
0.4811183378351755,0.2073966283789297,0.0878380954712569,0.4016324205109705,0.446385013680675,0.210620826265572,0.2034299998374113,0.3063074344407855,0.4424124381046711,0.3355974006955081,0.3569995443377273,0.1855796814947657,0.3997523157097128,0.5577944484830388,0.3160118981637109,0.5363826920459288,0.5197942961858935,0.4157151536079104,0.2809018180713364,0.5722166698586235,0.6414517164909439,0.1797158554988486,0.4256873701611023,0.2316611803421428,0.5028251468479104,0.4761904761904761,0.25,0.6194029850746268,0.0,0.0,1.0,0.0,0.0,0.0,0.0,0.0,0.0,0.0,0.0,1.0,0.0,0.0,0.0,1.0,0.0805495240009888,0.1697742600711692
0.4811183378351755,0.2073966283789297,0.0878380954712569,0.4016324205109705,0.446385013680675,0.210620826265572,0.2034299998374113,0.3063074344407855,0.4424124381046711,0.3355974006955081,0.3569995443377273,0.1855796814947657,0.3997523157097128,0.5577944484830388,0.3160118981637109,0.5363826920459288,0.5197942961858935,0.4157151536079104,0.2809018180713364,0.5722166698586235,0.6414517164909439,0.1797158554988486,0.4256873701611023,0.2316611803421428,0.5028251468479104,0.4761904761904761,0.25,0.6194029850746268,0.0,0.0,0.0,1.0,0.0,0.0,0.0,0.0,0.0,0.0,0.0,1.0,0.0,0.0,0.0,1.0,0.6798862942788327,0.7187181231294294
0.4811183378351755,0.2073966283789297,0.0878380954712569,0.4016324205109705,0.446385013680675,0.210620826265572,0.2034299998374113,0.3063074344407855,0.4424124381046711,0.3355974006955081,0.3569995443377273,0.1855796814947657,0.3997523157097128,0.5577944484830388,0.3160118981637109,0.5363826920459288,0.5197942961858935,0.4157151536079104,0.2809018180713364,0.5722166698586235,0.6414517164909439,0.1797158554988486,0.4256873701611023,0.2316611803421428,0.5028251468479104,0.1111111111111111,0.8478260869565218,0.0,0.0789473684210526,0.0,1.0,0.0,0.0,0.0,0.0,0.0,0.0,0.0,0.0,1.0,0.0,0.0,1.0,0.0,0.22918101024344,0.3606719678741882
0.4811183378351755,0.2073966283789297,0.0878380954712569,0.4016324205109705,0.446385013680675,0.210620826265572,0.2034299998374113,0.3063074344407855,0.4424124381046711,0.3355974006955081,0.3569995443377273,0.1855796814947657,0.3997523157097128,0.5577944484830388,0.3160118981637109,0.5363826920459288,0.5197942961858935,0.4157151536079104,0.2809018180713364,0.5722166698586235,0.6414517164909439,0.1797158554988486,0.4256873701611023,0.2316611803421428,0.5028251468479104,0.1111111111111111,0.8478260869565218,0.0,0.0789473684210526,0.0,1.0,0.0,0.0,0.0,0.0,0.0,0.0,0.0,0.0,1.0,0.0,0.0,0.0,1.0,0.0,0.0
0.4811183378351755,0.2073966283789297,0.0878380954712569,0.4016324205109705,0.446385013680675,0.210620826265572,0.2034299998374113,0.3063074344407855,0.4424124381046711,0.3355974006955081,0.3569995443377273,0.1855796814947657,0.3997523157097128,0.5577944484830388,0.3160118981637109,0.5363826920459288,0.5197942961858935,0.4157151536079104,0.2809018180713364,0.5722166698586235,0.6414517164909439,0.1797158554988486,0.4256873701611023,0.2316611803421428,0.5028251468479104,0.1111111111111111,0.8478260869565218,0.0,0.0789473684210526,0.0,0.0,1.0,0.0,0.0,0.0,0.0,0.0,0.0,0.0,1.0,0.0,0.0,0.0,1.0,0.5761675989321178,0.6404699946660277
0.4744891733029699,0.2641394359124477,0.1939118469748384,0.361711578074058,0.4087051823638087,0.1757517537501978,0.4111743183235123,0.3671617063542418,0.29479557137796,0.3268356243945668,0.4138293772975217,0.2211245950662411,0.5663733678301139,0.5411096331647318,0.0607010254170105,0.4010845831652532,0.3537006158310715,0.0278341561993469,0.3472309577328145,0.5246968053588036,0.5186791604106912,0.1880222649792875,0.5980336980355448,0.4905815495570343,0.5707589954191925,0.4761904761904761,0.25,0.6194029850746268,0.0,0.0,1.0,0.0,0.0,0.0,0.0,0.0,0.0,0.0,0.0,1.0,0.0,0.0,0.0,1.0,0.3900574763889358,0.576361781771663
0.4744891733029699,0.2641394359124477,0.1939118469748384,0.361711578074058,0.4087051823638087,0.1757517537501978,0.4111743183235123,0.3671617063542418,0.29479557137796,0.3268356243945668,0.4138293772975217,0.2211245950662411,0.5663733678301139,0.5411096331647318,0.0607010254170105,0.4010845831652532,0.3537006158310715,0.0278341561993469,0.3472309577328145,0.5246968053588036,0.5186791604106912,0.1880222649792875,0.5980336980355448,0.4905815495570343,0.5707589954191925,0.1111111111111111,0.8478260869565218,0.0,0.0789473684210526,0.0,1.0,0.0,0.0,0.0,0.0,0.0,0.0,0.0,0.0,1.0,0.0,0.0,0.0,1.0,0.615643575487674,0.7251646200510099
0.5318365978317733,0.2197208649513382,0.042095746212259,0.4315070488025357,0.4196840894695808,0.2304105157022996,0.4003595838068611,0.3715634020926348,0.5494905852761464,0.4300781512938766,0.3262576463355803,0.0683825901642022,0.4956260877494299,0.4262270646822711,0.1989126486954718,0.4104233662271846,0.3047840848540933,0.2812819286502272,0.0783824666229973,0.7029062413144878,0.4720346446705149,0.1427097965842808,0.4467537618508466,0.6493121014469964,0.0362077327960459,0.4761904761904761,0.25,0.6194029850746268,0.0,0.0,1.0,0.0,0.0,0.0,0.0,0.0,0.0,0.0,0.0,1.0,0.0,0.0,0.0,1.0,0.6745176908253843,0.7159855514429749
0.5318365978317733,0.2197208649513382,0.042095746212259,0.4315070488025357,0.4196840894695808,0.2304105157022996,0.4003595838068611,0.3715634020926348,0.5494905852761464,0.4300781512938766,0.3262576463355803,0.0683825901642022,0.4956260877494299,0.4262270646822711,0.1989126486954718,0.4104233662271846,0.3047840848540933,0.2812819286502272,0.0783824666229973,0.7029062413144878,0.4720346446705149,0.1427097965842808,0.4467537618508466,0.6493121014469964,0.0362077327960459,0.1111111111111111,0.8478260869565218,0.0,0.0789473684210526,1.0,0.0,0.0,0.0,0.0,0.0,0.0,0.0,0.0,0.0,1.0,0.0,0.0,1.0,0.0,0.4173701310236706,0.6710372053075935
0.5318365978317733,0.2197208649513382,0.042095746212259,0.4315070488025357,0.4196840894695808,0.2304105157022996,0.4003595838068611,0.3715634020926348,0.5494905852761464,0.4300781512938766,0.3262576463355803,0.0683825901642022,0.4956260877494299,0.4262270646822711,0.1989126486954718,0.4104233662271846,0.3047840848540933,0.2812819286502272,0.0783824666229973,0.7029062413144878,0.4720346446705149,0.1427097965842808,0.4467537618508466,0.6493121014469964,0.0362077327960459,0.1111111111111111,0.8478260869565218,0.0,0.0789473684210526,0.0,1.0,0.0,0.0,0.0,0.0,0.0,0.0,0.0,0.0,1.0,0.0,0.0,1.0,0.0,0.1921703319243139,0.3063608508794581
0.498539945999995,0.4319823612678241,0.1720004300110831,0.4382860727273287,0.4023409138729458,0.0552490438769892,0.5704802065560706,0.3449566673397914,0.3213164556635762,0.4640386453073328,0.4032930387993347,0.2243670011813726,0.3826632551294935,0.3411055192896434,0.1979783985924388,0.4561836397211636,0.0387023326040647,0.573756728169464,0.3951406967877029,0.1919601892947706,0.1836286993705999,0.5257522646852526,0.8330702388923337,0.3344748665089744,0.5674831268418525,0.1111111111111111,0.8478260869565218,0.0,0.0789473684210526,0.0,1.0,0.0,0.0,0.0,0.0,0.0,0.0,0.0,0.0,1.0,0.0,0.0,0.0,1.0,0.4440679894235892,0.6196247899123117
0.5227939915696185,0.6095813150140927,0.0234370920886761,0.4691741137653583,0.4866003509829251,0.2059521808718199,0.1806240023952126,0.6232828592172364,0.2953812482920168,0.4119910473488178,0.6318402059145102,0.4643143990188616,0.4912819842757927,0.3197953222300012,0.4675639369194879,0.2453606594155396,0.5241404968746396,0.5995181630420654,0.8573214758082361,0.5686249763973684,0.5990364235298774,0.6538482972364754,0.4568781450899192,0.2356338774145255,0.4021383939568295,0.5634920634920635,0.0217391304347827,0.925373134328358,0.736842105263158,0.0,1.0,0.0,0.0,0.0,0.0,0.0,0.0,0.0,1.0,0.0,0.0,0.0,0.0,1.0,0.0,0.0
0.5080110858319793,0.3314322506567163,0.1527003703366604,0.3798204429939022,0.435090151007582,0.2094820376014674,0.4610922450228684,0.3806499184943197,0.5291866768872717,0.3348149473706791,0.2289394756559241,0.2833095965340996,0.3658939310602759,0.6188036157552843,0.4126126338429563,0.7395436436575373,0.5939813952514356,0.1575157740359653,0.3198337468717364,0.5254522478321114,0.4844596286743052,1.0,0.2204817500715534,0.3072328954269456,0.2149097304797583,0.5158730158730158,0.0,0.8656716417910446,0.368421052631579,0.0,0.0,1.0,0.0,0.0,0.0,0.0,0.0,0.0,0.0,1.0,0.0,0.0,1.0,0.0,0.0231770881563938,0.0
0.5080110858319793,0.3314322506567163,0.1527003703366604,0.3798204429939022,0.435090151007582,0.2094820376014674,0.4610922450228684,0.3806499184943197,0.5291866768872717,0.3348149473706791,0.2289394756559241,0.2833095965340996,0.3658939310602759,0.6188036157552843,0.4126126338429563,0.7395436436575373,0.5939813952514356,0.1575157740359653,0.3198337468717364,0.5254522478321114,0.4844596286743052,1.0,0.2204817500715534,0.3072328954269456,0.2149097304797583,0.4761904761904761,0.25,0.6194029850746268,0.0,1.0,0.0,0.0,0.0,0.0,0.0,0.0,0.0,0.0,0.0,1.0,0.0,0.0,1.0,0.0,0.4943690823386677,0.6767364378314614
0.5080110858319793,0.3314322506567163,0.1527003703366604,0.3798204429939022,0.435090151007582,0.2094820376014674,0.4610922450228684,0.3806499184943197,0.5291866768872717,0.3348149473706791,0.2289394756559241,0.2833095965340996,0.3658939310602759,0.6188036157552843,0.4126126338429563,0.7395436436575373,0.5939813952514356,0.1575157740359653,0.3198337468717364,0.5254522478321114,0.4844596286743052,1.0,0.2204817500715534,0.3072328954269456,0.2149097304797583,0.4761904761904761,0.25,0.6194029850746268,0.0,0.0,0.0,1.0,0.0,0.0,0.0,0.0,0.0,0.0,0.0,1.0,0.0,0.0,0.0,1.0,0.647446134045321,0.6574178217427642
0.5080110858319793,0.3314322506567163,0.1527003703366604,0.3798204429939022,0.435090151007582,0.2094820376014674,0.4610922450228684,0.3806499184943197,0.5291866768872717,0.3348149473706791,0.2289394756559241,0.2833095965340996,0.3658939310602759,0.6188036157552843,0.4126126338429563,0.7395436436575373,0.5939813952514356,0.1575157740359653,0.3198337468717364,0.5254522478321114,0.4844596286743052,1.0,0.2204817500715534,0.3072328954269456,0.2149097304797583,0.1111111111111111,0.8478260869565218,0.0,0.0789473684210526,1.0,0.0,0.0,0.0,0.0,0.0,0.0,0.0,0.0,0.0,1.0,0.0,0.0,1.0,0.0,0.2498419904818381,0.4483300538428629
0.5080110858319793,0.3314322506567163,0.1527003703366604,0.3798204429939022,0.435090151007582,0.2094820376014674,0.4610922450228684,0.3806499184943197,0.5291866768872717,0.3348149473706791,0.2289394756559241,0.2833095965340996,0.3658939310602759,0.6188036157552843,0.4126126338429563,0.7395436436575373,0.5939813952514356,0.1575157740359653,0.3198337468717364,0.5254522478321114,0.4844596286743052,1.0,0.2204817500715534,0.3072328954269456,0.2149097304797583,0.1111111111111111,0.8478260869565218,0.0,0.0789473684210526,0.0,1.0,0.0,0.0,0.0,0.0,0.0,0.0,0.0,0.0,1.0,0.0,0.0,1.0,0.0,0.0,0.0
0.5080110858319793,0.3314322506567163,0.1527003703366604,0.3798204429939022,0.435090151007582,0.2094820376014674,0.4610922450228684,0.3806499184943197,0.5291866768872717,0.3348149473706791,0.2289394756559241,0.2833095965340996,0.3658939310602759,0.6188036157552843,0.4126126338429563,0.7395436436575373,0.5939813952514356,0.1575157740359653,0.3198337468717364,0.5254522478321114,0.4844596286743052,1.0,0.2204817500715534,0.3072328954269456,0.2149097304797583,0.1111111111111111,0.8478260869565218,0.0,0.0789473684210526,0.0,0.0,1.0,0.0,0.0,0.0,0.0,0.0,0.0,0.0,1.0,0.0,0.0,0.0,1.0,0.5208544660664393,0.6178477253200869
0.3938429915312159,0.3194064915333237,0.048684543965179,0.5308390797877277,0.3214999548515468,0.1269831384769174,0.6237681673242637,0.4346817152549032,0.4567525770063841,0.4248285375933835,0.4906304634824323,0.3577495079991386,0.3825087629220741,0.2949885482327021,0.7256581861138889,0.6270743362215911,0.4335860544158087,0.4816997137425525,0.6184897558999445,0.6300583548897949,0.1805074074736107,0.5587361548768991,0.3748213047739966,0.2847707709584357,0.3735147412416579,0.238095238095238,0.7717391304347827,0.9552238805970148,0.7105263157894737,0.0,1.0,0.0,0.0,0.0,0.0,0.0,0.0,0.0,0.0,1.0,0.0,0.0,1.0,0.0,0.7203520530896447,0.799358282609363
0.3938429915312159,0.3194064915333237,0.048684543965179,0.5308390797877277,0.3214999548515468,0.1269831384769174,0.6237681673242637,0.4346817152549032,0.4567525770063841,0.4248285375933835,0.4906304634824323,0.3577495079991386,0.3825087629220741,0.2949885482327021,0.7256581861138889,0.6270743362215911,0.4335860544158087,0.4816997137425525,0.6184897558999445,0.6300583548897949,0.1805074074736107,0.5587361548768991,0.3748213047739966,0.2847707709584357,0.3735147412416579,0.5158730158730158,0.0,0.8656716417910446,0.368421052631579,0.0,1.0,0.0,0.0,0.0,0.0,0.0,0.0,0.0,0.0,1.0,0.0,0.0,1.0,0.0,0.0,0.0
0.3938429915312159,0.3194064915333237,0.048684543965179,0.5308390797877277,0.3214999548515468,0.1269831384769174,0.6237681673242637,0.4346817152549032,0.4567525770063841,0.4248285375933835,0.4906304634824323,0.3577495079991386,0.3825087629220741,0.2949885482327021,0.7256581861138889,0.6270743362215911,0.4335860544158087,0.4816997137425525,0.6184897558999445,0.6300583548897949,0.1805074074736107,0.5587361548768991,0.3748213047739966,0.2847707709584357,0.3735147412416579,0.4761904761904761,0.25,0.6194029850746268,0.0,0.0,1.0,0.0,0.0,0.0,0.0,0.0,0.0,0.0,0.0,1.0,0.0,0.0,1.0,0.0,0.6621143140161128,0.7799381533837904
0.3938429915312159,0.3194064915333237,0.048684543965179,0.5308390797877277,0.3214999548515468,0.1269831384769174,0.6237681673242637,0.4346817152549032,0.4567525770063841,0.4248285375933835,0.4906304634824323,0.3577495079991386,0.3825087629220741,0.2949885482327021,0.7256581861138889,0.6270743362215911,0.4335860544158087,0.4816997137425525,0.6184897558999445,0.6300583548897949,0.1805074074736107,0.5587361548768991,0.3748213047739966,0.2847707709584357,0.3735147412416579,0.4761904761904761,0.25,0.6194029850746268,0.0,0.0,1.0,0.0,0.0,0.0,0.0,0.0,0.0,0.0,0.0,1.0,0.0,0.0,0.0,1.0,0.8110265411171185,0.846065771745959
0.3938429915312159,0.3194064915333237,0.048684543965179,0.5308390797877277,0.3214999548515468,0.1269831384769174,0.6237681673242637,0.4346817152549032,0.4567525770063841,0.4248285375933835,0.4906304634824323,0.3577495079991386,0.3825087629220741,0.2949885482327021,0.7256581861138889,0.6270743362215911,0.4335860544158087,0.4816997137425525,0.6184897558999445,0.6300583548897949,0.1805074074736107,0.5587361548768991,0.3748213047739966,0.2847707709584357,0.3735147412416579,0.1111111111111111,0.8478260869565218,0.0,0.0789473684210526,0.0,1.0,0.0,0.0,0.0,0.0,0.0,0.0,0.0,0.0,1.0,0.0,0.0,0.0,1.0,0.6201469252308149,0.7866283358675353
0.4859780629570833,0.2414582873682554,0.2042618222719841,0.4005198873285391,0.479739926041367,0.1657925569329444,0.2040955283377691,0.3593500980262155,0.2962243301459435,0.6564190111804589,0.7383102874213967,0.3943904785532948,0.5528440444280379,0.3989040308603563,0.5603700922984308,0.4761508491541084,0.5677189033254355,0.4973959455930592,0.7034137223559527,0.3217977347600863,0.3378939652253691,0.1150020980601531,0.4381621210960194,0.5342929947104224,0.4158084481906927,0.5158730158730158,0.0,0.8656716417910446,0.368421052631579,0.0,1.0,0.0,0.0,0.0,0.0,0.0,0.0,0.0,1.0,0.0,0.0,0.0,0.0,1.0,0.0,0.0
0.4859780629570833,0.2414582873682554,0.2042618222719841,0.4005198873285391,0.479739926041367,0.1657925569329444,0.2040955283377691,0.3593500980262155,0.2962243301459435,0.6564190111804589,0.7383102874213967,0.3943904785532948,0.5528440444280379,0.3989040308603563,0.5603700922984308,0.4761508491541084,0.5677189033254355,0.4973959455930592,0.7034137223559527,0.3217977347600863,0.3378939652253691,0.1150020980601531,0.4381621210960194,0.5342929947104224,0.4158084481906927,0.4761904761904761,0.25,0.6194029850746268,0.0,0.0,1.0,0.0,0.0,0.0,0.0,0.0,0.0,0.0,1.0,0.0,0.0,0.0,0.0,1.0,0.0,0.0
0.4859780629570833,0.2414582873682554,0.2042618222719841,0.4005198873285391,0.479739926041367,0.1657925569329444,0.2040955283377691,0.3593500980262155,0.2962243301459435,0.6564190111804589,0.7383102874213967,0.3943904785532948,0.5528440444280379,0.3989040308603563,0.5603700922984308,0.4761508491541084,0.5677189033254355,0.4973959455930592,0.7034137223559527,0.3217977347600863,0.3378939652253691,0.1150020980601531,0.4381621210960194,0.5342929947104224,0.4158084481906927,0.1111111111111111,0.8478260869565218,0.0,0.0789473684210526,0.0,0.0,1.0,0.0,0.0,0.0,0.0,0.0,0.0,1.0,0.0,0.0,0.0,0.0,1.0,0.3540241931322803,0.4040154062360236
0.410372698017019,0.9050334492575084,0.4927657445766348,0.0878301650958855,0.4205290933455904,0.3956431703417854,0.3106179511590174,0.2666625970927166,0.4621666818010258,0.6483569094654509,0.2344533817812816,0.455507744917236,0.2932839947788609,0.2203616045195843,0.4456694674284986,0.5331894043388772,0.1995577993690206,0.4064768355466097,0.4912905819665014,0.7112595028946282,0.8010815116230303,0.4079019702693211,0.3945049065870686,0.4227316981158023,0.6183519523872782,0.5158730158730158,0.0,0.8656716417910446,0.368421052631579,0.0,1.0,0.0,0.0,0.0,0.0,0.0,0.0,0.0,0.0,1.0,0.0,0.0,0.0,1.0,0.0544430483972726,0.0982088646618936
0.410372698017019,0.9050334492575084,0.4927657445766348,0.0878301650958855,0.4205290933455904,0.3956431703417854,0.3106179511590174,0.2666625970927166,0.4621666818010258,0.6483569094654509,0.2344533817812816,0.455507744917236,0.2932839947788609,0.2203616045195843,0.4456694674284986,0.5331894043388772,0.1995577993690206,0.4064768355466097,0.4912905819665014,0.7112595028946282,0.8010815116230303,0.4079019702693211,0.3945049065870686,0.4227316981158023,0.6183519523872782,0.4761904761904761,0.25,0.6194029850746268,0.0,0.0,0.0,1.0,0.0,0.0,0.0,0.0,0.0,0.0,0.0,1.0,0.0,0.0,0.0,1.0,0.2254460686007935,0.3223584552890747
0.410372698017019,0.9050334492575084,0.4927657445766348,0.0878301650958855,0.4205290933455904,0.3956431703417854,0.3106179511590174,0.2666625970927166,0.4621666818010258,0.6483569094654509,0.2344533817812816,0.455507744917236,0.2932839947788609,0.2203616045195843,0.4456694674284986,0.5331894043388772,0.1995577993690206,0.4064768355466097,0.4912905819665014,0.7112595028946282,0.8010815116230303,0.4079019702693211,0.3945049065870686,0.4227316981158023,0.6183519523872782,0.1111111111111111,0.8478260869565218,0.0,0.0789473684210526,0.0,1.0,0.0,0.0,0.0,0.0,0.0,0.0,0.0,0.0,1.0,0.0,0.0,0.0,1.0,0.015651856072582,0.0
0.269728792501744,0.2415057361138734,0.2888641913715659,0.2780602588205237,0.297520993686952,0.3929426124369914,0.3672816433681901,0.3371407993871411,0.2892652805773137,0.7046728410197745,0.2399673493914239,0.5976664680707573,0.3230074769596768,0.1059315244942861,0.3728925725427848,0.4165350799019681,0.1661397195760268,0.703718709335674,0.0,0.3574911019337002,0.7270969809733027,0.4094132373288918,0.1861617858559797,0.4248233553200546,0.4512332777805975,0.4761904761904761,0.25,0.6194029850746268,0.0,1.0,0.0,0.0,0.0,0.0,0.0,0.0,0.0,0.0,0.0,1.0,0.0,0.0,1.0,0.0,0.4880207268250177,0.6564714427556162
0.269728792501744,0.2415057361138734,0.2888641913715659,0.2780602588205237,0.297520993686952,0.3929426124369914,0.3672816433681901,0.3371407993871411,0.2892652805773137,0.7046728410197745,0.2399673493914239,0.5976664680707573,0.3230074769596768,0.1059315244942861,0.3728925725427848,0.4165350799019681,0.1661397195760268,0.703718709335674,0.0,0.3574911019337002,0.7270969809733027,0.4094132373288918,0.1861617858559797,0.4248233553200546,0.4512332777805975,0.4761904761904761,0.25,0.6194029850746268,0.0,0.0,0.0,1.0,0.0,0.0,0.0,0.0,0.0,0.0,0.0,1.0,0.0,0.0,1.0,0.0,0.6422475892776967,0.6707238993007216
0.269728792501744,0.2415057361138734,0.2888641913715659,0.2780602588205237,0.297520993686952,0.3929426124369914,0.3672816433681901,0.3371407993871411,0.2892652805773137,0.7046728410197745,0.2399673493914239,0.5976664680707573,0.3230074769596768,0.1059315244942861,0.3728925725427848,0.4165350799019681,0.1661397195760268,0.703718709335674,0.0,0.3574911019337002,0.7270969809733027,0.4094132373288918,0.1861617858559797,0.4248233553200546,0.4512332777805975,0.4761904761904761,0.25,0.6194029850746268,0.0,0.0,0.0,1.0,0.0,0.0,0.0,0.0,0.0,0.0,0.0,1.0,0.0,0.0,0.0,1.0,0.6253909313193899,0.6328779780335504
0.269728792501744,0.2415057361138734,0.2888641913715659,0.2780602588205237,0.297520993686952,0.3929426124369914,0.3672816433681901,0.3371407993871411,0.2892652805773137,0.7046728410197745,0.2399673493914239,0.5976664680707573,0.3230074769596768,0.1059315244942861,0.3728925725427848,0.4165350799019681,0.1661397195760268,0.703718709335674,0.0,0.3574911019337002,0.7270969809733027,0.4094132373288918,0.1861617858559797,0.4248233553200546,0.4512332777805975,0.1111111111111111,0.8478260869565218,0.0,0.0789473684210526,0.0,1.0,0.0,0.0,0.0,0.0,0.0,0.0,0.0,0.0,1.0,0.0,0.0,1.0,0.0,0.2226979490117559,0.3323991269328347
0.3832198515559148,0.2770261572951225,0.0341180960041474,0.5350037980180984,0.3383728142081741,0.2300592283681627,0.4871046741312692,0.285052719850866,0.4937811357003172,0.4629476426409377,0.4267936240143095,0.2394149926769471,0.4103074347994292,0.4793485664711681,0.5696634997776701,0.1690006571235652,0.4857736914186733,0.7292031363789022,0.2117058092088298,1.0,0.2312355869399301,0.229427498271885,0.2521732082765038,0.8465038435566352,0.5516371440020862,0.1111111111111111,0.8478260869565218,0.0,0.0789473684210526,0.0,1.0,0.0,0.0,0.0,0.0,0.0,0.0,0.0,0.0,1.0,0.0,0.0,0.0,1.0,0.4294608995420522,0.6167461487261613
0.4640827177906246,0.2562558777709499,0.0228256841454017,0.4718055247461065,0.4457240772307381,0.1563214127196768,0.4140844791482488,0.3337299240731014,0.5160067515782262,0.4706251831190567,0.4792708767317449,0.3055376223035352,0.4929197338365295,0.2639725419473585,0.433931118591874,0.2017949935691438,0.3429308998111525,0.7082481725347015,0.9061940138873088,0.5199031643290176,0.2714233906026747,0.5527979342086846,0.2990043960206697,0.5661783337187344,0.2808308970129719,0.0,1.0000000000000002,0.7761194029850745,1.0,0.0,1.0,0.0,0.0,0.0,0.0,0.0,0.0,0.0,0.0,1.0,0.0,0.0,1.0,0.0,0.2154365603266657,0.3632420626980189
0.4640827177906246,0.2562558777709499,0.0228256841454017,0.4718055247461065,0.4457240772307381,0.1563214127196768,0.4140844791482488,0.3337299240731014,0.5160067515782262,0.4706251831190567,0.4792708767317449,0.3055376223035352,0.4929197338365295,0.2639725419473585,0.433931118591874,0.2017949935691438,0.3429308998111525,0.7082481725347015,0.9061940138873088,0.5199031643290176,0.2714233906026747,0.5527979342086846,0.2990043960206697,0.5661783337187344,0.2808308970129719,0.1507936507936508,0.8586956521739131,0.9029850746268656,0.7894736842105263,1.0,0.0,0.0,0.0,0.0,0.0,0.0,0.0,0.0,0.0,1.0,0.0,0.0,0.0,1.0,0.0111470665230894,0.0
0.4640827177906246,0.2562558777709499,0.0228256841454017,0.4718055247461065,0.4457240772307381,0.1563214127196768,0.4140844791482488,0.3337299240731014,0.5160067515782262,0.4706251831190567,0.4792708767317449,0.3055376223035352,0.4929197338365295,0.2639725419473585,0.433931118591874,0.2017949935691438,0.3429308998111525,0.7082481725347015,0.9061940138873088,0.5199031643290176,0.2714233906026747,0.5527979342086846,0.2990043960206697,0.5661783337187344,0.2808308970129719,0.238095238095238,0.7717391304347827,0.9552238805970148,0.7105263157894737,1.0,0.0,0.0,0.0,0.0,0.0,0.0,0.0,0.0,0.0,1.0,0.0,0.0,1.0,0.0,0.475334020939097,0.597048914304095
0.4640827177906246,0.2562558777709499,0.0228256841454017,0.4718055247461065,0.4457240772307381,0.1563214127196768,0.4140844791482488,0.3337299240731014,0.5160067515782262,0.4706251831190567,0.4792708767317449,0.3055376223035352,0.4929197338365295,0.2639725419473585,0.433931118591874,0.2017949935691438,0.3429308998111525,0.7082481725347015,0.9061940138873088,0.5199031643290176,0.2714233906026747,0.5527979342086846,0.2990043960206697,0.5661783337187344,0.2808308970129719,0.5158730158730158,0.0,0.8656716417910446,0.368421052631579,1.0,0.0,0.0,0.0,0.0,0.0,0.0,0.0,0.0,0.0,1.0,0.0,0.0,1.0,0.0,0.1264489971263313,0.2131845116732168
0.4640827177906246,0.2562558777709499,0.0228256841454017,0.4718055247461065,0.4457240772307381,0.1563214127196768,0.4140844791482488,0.3337299240731014,0.5160067515782262,0.4706251831190567,0.4792708767317449,0.3055376223035352,0.4929197338365295,0.2639725419473585,0.433931118591874,0.2017949935691438,0.3429308998111525,0.7082481725347015,0.9061940138873088,0.5199031643290176,0.2714233906026747,0.5527979342086846,0.2990043960206697,0.5661783337187344,0.2808308970129719,0.4761904761904761,0.25,0.6194029850746268,0.0,1.0,0.0,0.0,0.0,0.0,0.0,0.0,0.0,0.0,0.0,1.0,0.0,0.0,1.0,0.0,0.5213219430480859,0.6653519252277296
0.4640827177906246,0.2562558777709499,0.0228256841454017,0.4718055247461065,0.4457240772307381,0.1563214127196768,0.4140844791482488,0.3337299240731014,0.5160067515782262,0.4706251831190567,0.4792708767317449,0.3055376223035352,0.4929197338365295,0.2639725419473585,0.433931118591874,0.2017949935691438,0.3429308998111525,0.7082481725347015,0.9061940138873088,0.5199031643290176,0.2714233906026747,0.5527979342086846,0.2990043960206697,0.5661783337187344,0.2808308970129719,0.1111111111111111,0.8478260869565218,0.0,0.0789473684210526,1.0,0.0,0.0,0.0,0.0,0.0,0.0,0.0,0.0,0.0,1.0,0.0,0.0,1.0,0.0,0.748292903732858,0.795033621915433
0.4451416446432361,0.2973378061503465,0.061079451917655,0.497474756629813,0.4416470943399805,0.0894082132749091,0.4458660540927302,0.2977042796677956,0.437284763804679,0.4119428287988013,0.51957728744436,0.3959104840122255,0.4787492005870098,0.2618802325190634,0.3263710203235023,0.5335002140838557,0.4232612493016622,0.5959838317363365,0.7090497032621961,0.4175699004422404,0.3334915219732015,0.5180119324321485,0.5334364054844288,0.5267853255287205,0.1620254885868745,0.5158730158730158,0.0,0.8656716417910446,0.368421052631579,1.0,0.0,0.0,0.0,0.0,0.0,0.0,0.0,0.0,0.0,1.0,0.0,0.0,1.0,0.0,0.0594394823391144,0.1096983832795545
0.4451416446432361,0.2973378061503465,0.061079451917655,0.497474756629813,0.4416470943399805,0.0894082132749091,0.4458660540927302,0.2977042796677956,0.437284763804679,0.4119428287988013,0.51957728744436,0.3959104840122255,0.4787492005870098,0.2618802325190634,0.3263710203235023,0.5335002140838557,0.4232612493016622,0.5959838317363365,0.7090497032621961,0.4175699004422404,0.3334915219732015,0.5180119324321485,0.5334364054844288,0.5267853255287205,0.1620254885868745,0.1111111111111111,0.8478260869565218,0.0,0.0789473684210526,1.0,0.0,0.0,0.0,0.0,0.0,0.0,0.0,0.0,0.0,1.0,0.0,0.0,1.0,0.0,0.6955574310078917,0.8144779791239578
0.3747681180896042,0.3146910723464839,0.0103060405051062,0.563437016767439,0.3402876096262466,0.137360317932085,0.4936338541937351,0.4189562379285321,0.4567365381602531,0.4622037853595139,0.5053881060065234,0.4095911661076228,0.4008080920505656,0.4719867879218409,0.5803838367501305,0.7030194826141437,0.6615965480751889,0.3159913299767826,0.4212742934201507,0.8212820077175189,0.322781766868732,0.6298860270549411,0.460970309038109,0.2621820520857806,0.2333293654257384,0.5158730158730158,0.0,0.8656716417910446,0.368421052631579,0.0,1.0,0.0,0.0,0.0,0.0,0.0,0.0,0.0,0.0,1.0,0.0,0.0,0.0,1.0,0.6608919614901545,0.7586717094699259
0.3747681180896042,0.3146910723464839,0.0103060405051062,0.563437016767439,0.3402876096262466,0.137360317932085,0.4936338541937351,0.4189562379285321,0.4567365381602531,0.4622037853595139,0.5053881060065234,0.4095911661076228,0.4008080920505656,0.4719867879218409,0.5803838367501305,0.7030194826141437,0.6615965480751889,0.3159913299767826,0.4212742934201507,0.8212820077175189,0.322781766868732,0.6298860270549411,0.460970309038109,0.2621820520857806,0.2333293654257384,0.1111111111111111,0.8478260869565218,0.0,0.0789473684210526,0.0,0.0,1.0,0.0,0.0,0.0,0.0,0.0,0.0,0.0,1.0,0.0,0.0,0.0,1.0,0.5889489960967297,0.6346207110507489
0.5076356217199394,0.4548976933460676,0.4202638750862973,0.7160449372081034,0.4740708081899811,0.1502575609583342,0.0,0.0,0.5885945625652349,0.4942071994024222,0.7087313671159396,0.0270258208366456,0.7795192788613907,0.9608784559699048,0.7402921125824515,0.5876743550953019,0.0,0.2939867077633867,0.5547381177971052,0.2107013868484918,0.6154850862355714,0.8753428637266774,0.4050954492686959,0.3704129498092055,0.3718630033470112,0.0,1.0000000000000002,0.7761194029850745,1.0,0.0,0.0,1.0,0.0,0.0,0.0,0.0,0.0,0.0,1.0,0.0,0.0,0.0,0.0,1.0,0.0187278427737457,0.0
0.5076356217199394,0.4548976933460676,0.4202638750862973,0.7160449372081034,0.4740708081899811,0.1502575609583342,0.0,0.0,0.5885945625652349,0.4942071994024222,0.7087313671159396,0.0270258208366456,0.7795192788613907,0.9608784559699048,0.7402921125824515,0.5876743550953019,0.0,0.2939867077633867,0.5547381177971052,0.2107013868484918,0.6154850862355714,0.8753428637266774,0.4050954492686959,0.3704129498092055,0.3718630033470112,0.1507936507936508,0.8586956521739131,0.9029850746268656,0.7894736842105263,0.0,0.0,1.0,0.0,0.0,0.0,0.0,0.0,0.0,1.0,0.0,0.0,0.0,0.0,1.0,0.0240543438882255,0.0
0.5076356217199394,0.4548976933460676,0.4202638750862973,0.7160449372081034,0.4740708081899811,0.1502575609583342,0.0,0.0,0.5885945625652349,0.4942071994024222,0.7087313671159396,0.0270258208366456,0.7795192788613907,0.9608784559699048,0.7402921125824515,0.5876743550953019,0.0,0.2939867077633867,0.5547381177971052,0.2107013868484918,0.6154850862355714,0.8753428637266774,0.4050954492686959,0.3704129498092055,0.3718630033470112,0.238095238095238,0.7717391304347827,0.9552238805970148,0.7105263157894737,1.0,0.0,0.0,0.0,0.0,0.0,0.0,0.0,0.0,1.0,0.0,0.0,0.0,0.0,1.0,0.0,0.0
0.5076356217199394,0.4548976933460676,0.4202638750862973,0.7160449372081034,0.4740708081899811,0.1502575609583342,0.0,0.0,0.5885945625652349,0.4942071994024222,0.7087313671159396,0.0270258208366456,0.7795192788613907,0.9608784559699048,0.7402921125824515,0.5876743550953019,0.0,0.2939867077633867,0.5547381177971052,0.2107013868484918,0.6154850862355714,0.8753428637266774,0.4050954492686959,0.3704129498092055,0.3718630033470112,0.5634920634920635,0.0217391304347827,0.925373134328358,0.736842105263158,0.0,0.0,1.0,0.0,0.0,0.0,0.0,0.0,0.0,1.0,0.0,0.0,0.0,0.0,1.0,0.0063299538869766,0.0
0.5076356217199394,0.4548976933460676,0.4202638750862973,0.7160449372081034,0.4740708081899811,0.1502575609583342,0.0,0.0,0.5885945625652349,0.4942071994024222,0.7087313671159396,0.0270258208366456,0.7795192788613907,0.9608784559699048,0.7402921125824515,0.5876743550953019,0.0,0.2939867077633867,0.5547381177971052,0.2107013868484918,0.6154850862355714,0.8753428637266774,0.4050954492686959,0.3704129498092055,0.3718630033470112,0.5158730158730158,0.0,0.8656716417910446,0.368421052631579,1.0,0.0,0.0,0.0,0.0,0.0,0.0,0.0,0.0,1.0,0.0,0.0,0.0,0.0,1.0,0.0,0.0
0.5076356217199394,0.4548976933460676,0.4202638750862973,0.7160449372081034,0.4740708081899811,0.1502575609583342,0.0,0.0,0.5885945625652349,0.4942071994024222,0.7087313671159396,0.0270258208366456,0.7795192788613907,0.9608784559699048,0.7402921125824515,0.5876743550953019,0.0,0.2939867077633867,0.5547381177971052,0.2107013868484918,0.6154850862355714,0.8753428637266774,0.4050954492686959,0.3704129498092055,0.3718630033470112,0.5158730158730158,0.0,0.8656716417910446,0.368421052631579,0.0,1.0,0.0,0.0,0.0,0.0,0.0,0.0,0.0,1.0,0.0,0.0,0.0,0.0,1.0,0.0,0.0
0.5076356217199394,0.4548976933460676,0.4202638750862973,0.7160449372081034,0.4740708081899811,0.1502575609583342,0.0,0.0,0.5885945625652349,0.4942071994024222,0.7087313671159396,0.0270258208366456,0.7795192788613907,0.9608784559699048,0.7402921125824515,0.5876743550953019,0.0,0.2939867077633867,0.5547381177971052,0.2107013868484918,0.6154850862355714,0.8753428637266774,0.4050954492686959,0.3704129498092055,0.3718630033470112,0.5158730158730158,0.0,0.8656716417910446,0.368421052631579,0.0,0.0,1.0,0.0,0.0,0.0,0.0,0.0,0.0,1.0,0.0,0.0,0.0,0.0,1.0,0.0163610675112289,0.0
0.5076356217199394,0.4548976933460676,0.4202638750862973,0.7160449372081034,0.4740708081899811,0.1502575609583342,0.0,0.0,0.5885945625652349,0.4942071994024222,0.7087313671159396,0.0270258208366456,0.7795192788613907,0.9608784559699048,0.7402921125824515,0.5876743550953019,0.0,0.2939867077633867,0.5547381177971052,0.2107013868484918,0.6154850862355714,0.8753428637266774,0.4050954492686959,0.3704129498092055,0.3718630033470112,0.4761904761904761,0.25,0.6194029850746268,0.0,1.0,0.0,0.0,0.0,0.0,0.0,0.0,0.0,0.0,1.0,0.0,0.0,0.0,0.0,1.0,0.0,0.0
0.5076356217199394,0.4548976933460676,0.4202638750862973,0.7160449372081034,0.4740708081899811,0.1502575609583342,0.0,0.0,0.5885945625652349,0.4942071994024222,0.7087313671159396,0.0270258208366456,0.7795192788613907,0.9608784559699048,0.7402921125824515,0.5876743550953019,0.0,0.2939867077633867,0.5547381177971052,0.2107013868484918,0.6154850862355714,0.8753428637266774,0.4050954492686959,0.3704129498092055,0.3718630033470112,0.4761904761904761,0.25,0.6194029850746268,0.0,0.0,1.0,0.0,0.0,0.0,0.0,0.0,0.0,0.0,1.0,0.0,0.0,0.0,0.0,1.0,0.0,0.0
0.5076356217199394,0.4548976933460676,0.4202638750862973,0.7160449372081034,0.4740708081899811,0.1502575609583342,0.0,0.0,0.5885945625652349,0.4942071994024222,0.7087313671159396,0.0270258208366456,0.7795192788613907,0.9608784559699048,0.7402921125824515,0.5876743550953019,0.0,0.2939867077633867,0.5547381177971052,0.2107013868484918,0.6154850862355714,0.8753428637266774,0.4050954492686959,0.3704129498092055,0.3718630033470112,0.4761904761904761,0.25,0.6194029850746268,0.0,0.0,0.0,1.0,0.0,0.0,0.0,0.0,0.0,0.0,1.0,0.0,0.0,0.0,0.0,1.0,0.0274667839040714,0.0
0.5076356217199394,0.4548976933460676,0.4202638750862973,0.7160449372081034,0.4740708081899811,0.1502575609583342,0.0,0.0,0.5885945625652349,0.4942071994024222,0.7087313671159396,0.0270258208366456,0.7795192788613907,0.9608784559699048,0.7402921125824515,0.5876743550953019,0.0,0.2939867077633867,0.5547381177971052,0.2107013868484918,0.6154850862355714,0.8753428637266774,0.4050954492686959,0.3704129498092055,0.3718630033470112,0.1111111111111111,0.8478260869565218,0.0,0.0789473684210526,1.0,0.0,0.0,0.0,0.0,0.0,0.0,0.0,0.0,1.0,0.0,0.0,0.0,0.0,1.0,0.0,0.0
0.5076356217199394,0.4548976933460676,0.4202638750862973,0.7160449372081034,0.4740708081899811,0.1502575609583342,0.0,0.0,0.5885945625652349,0.4942071994024222,0.7087313671159396,0.0270258208366456,0.7795192788613907,0.9608784559699048,0.7402921125824515,0.5876743550953019,0.0,0.2939867077633867,0.5547381177971052,0.2107013868484918,0.6154850862355714,0.8753428637266774,0.4050954492686959,0.3704129498092055,0.3718630033470112,0.1111111111111111,0.8478260869565218,0.0,0.0789473684210526,0.0,0.0,1.0,0.0,0.0,0.0,0.0,0.0,0.0,1.0,0.0,0.0,0.0,0.0,1.0,0.0270317384714767,0.0
0.5076356217199394,0.4548976933460676,0.4202638750862973,0.7160449372081034,0.4740708081899811,0.1502575609583342,0.0,0.0,0.5885945625652349,0.4942071994024222,0.7087313671159396,0.0270258208366456,0.7795192788613907,0.9608784559699048,0.7402921125824515,0.5876743550953019,0.0,0.2939867077633867,0.5547381177971052,0.2107013868484918,0.6154850862355714,0.8753428637266774,0.4050954492686959,0.3704129498092055,0.3718630033470112,1.0,0.7500000000000001,0.7014925373134328,0.3157894736842105,0.0,0.0,1.0,0.0,0.0,0.0,0.0,0.0,0.0,1.0,0.0,0.0,0.0,0.0,1.0,0.0125811415336529,0.0
0.5076356217199394,0.4548976933460676,0.4202638750862973,0.7160449372081034,0.4740708081899811,0.1502575609583342,0.0,0.0,0.5885945625652349,0.4942071994024222,0.7087313671159396,0.0270258208366456,0.7795192788613907,0.9608784559699048,0.7402921125824515,0.5876743550953019,0.0,0.2939867077633867,0.5547381177971052,0.2107013868484918,0.6154850862355714,0.8753428637266774,0.4050954492686959,0.3704129498092055,0.3718630033470112,0.8095238095238095,0.6630434782608696,0.6716417910447761,0.1842105263157895,0.0,0.0,1.0,0.0,0.0,0.0,0.0,0.0,0.0,1.0,0.0,0.0,0.0,0.0,1.0,0.013157422393766,0.0
0.6107938461200941,0.280548104703101,0.0753906394330873,0.2585821643021868,0.4313243720355705,0.2883937033535753,0.2746890266347236,0.5130070048786628,0.3821844740008134,0.4799794600476118,0.4184597350933438,0.1472129644396189,0.3851437003421916,0.5302950826240588,0.1491729562676178,0.5695684554126477,0.6161355668124271,0.2842189181177334,0.1224955248958173,0.2459391419031179,0.6831166840439646,0.3597309894092317,0.5883444987425862,0.4470504961658783,0.4303838192424985,0.4761904761904761,0.25,0.6194029850746268,0.0,0.0,1.0,0.0,0.0,0.0,0.0,0.0,0.0,0.0,0.0,1.0,0.0,0.0,0.0,1.0,0.642419143520888,0.7613756726468753
0.6107938461200941,0.280548104703101,0.0753906394330873,0.2585821643021868,0.4313243720355705,0.2883937033535753,0.2746890266347236,0.5130070048786628,0.3821844740008134,0.4799794600476118,0.4184597350933438,0.1472129644396189,0.3851437003421916,0.5302950826240588,0.1491729562676178,0.5695684554126477,0.6161355668124271,0.2842189181177334,0.1224955248958173,0.2459391419031179,0.6831166840439646,0.3597309894092317,0.5883444987425862,0.4470504961658783,0.4303838192424985,0.1111111111111111,0.8478260869565218,0.0,0.0789473684210526,0.0,0.0,1.0,0.0,0.0,0.0,0.0,0.0,0.0,0.0,1.0,0.0,0.0,0.0,1.0,0.4883773009582247,0.5646327831554275
0.4750637827844864,0.4045007374729323,0.2403157184594224,0.4149578096828393,0.7522741077638512,0.4624337767776282,0.5640629367148302,0.5489516267006802,0.522922127513636,0.0663086879079005,0.2562916953586525,0.553291053469728,1.0,0.1440311819930739,0.3447222855926326,0.6104320903355275,0.5294220440244195,0.2686425542218312,0.3415045888985949,0.156126844966663,0.2141216906333881,0.6018849224962102,0.2895272102486815,0.6610299647873681,0.5368212027219369,0.4761904761904761,0.25,0.6194029850746268,0.0,0.0,1.0,0.0,0.0,0.0,0.0,0.0,0.0,0.0,0.0,1.0,0.0,0.0,0.0,1.0,0.0114073421908697,0.0
0.4106214029552091,0.2414255686199043,0.1925446265581931,0.3606371539112386,0.3651733534776363,0.2421994233237753,0.3980674847368706,0.365674575160992,0.3658044946181882,0.3011811774215425,0.3577445582176181,0.2564769288147435,0.4068424888575323,0.6139600502246289,0.0698014578196635,0.3454102092680242,0.1805369976137628,0.3150039325557742,0.3929034974021382,0.7203499599782867,0.418179297192809,0.0675898201330792,0.5559521933002246,0.5590438690493238,0.2116906648379948,0.4761904761904761,0.25,0.6194029850746268,0.0,1.0,0.0,0.0,0.0,0.0,0.0,0.0,0.0,0.0,0.0,1.0,0.0,0.0,0.0,1.0,0.0765457696548004,0.1509110453729456
0.4106214029552091,0.2414255686199043,0.1925446265581931,0.3606371539112386,0.3651733534776363,0.2421994233237753,0.3980674847368706,0.365674575160992,0.3658044946181882,0.3011811774215425,0.3577445582176181,0.2564769288147435,0.4068424888575323,0.6139600502246289,0.0698014578196635,0.3454102092680242,0.1805369976137628,0.3150039325557742,0.3929034974021382,0.7203499599782867,0.418179297192809,0.0675898201330792,0.5559521933002246,0.5590438690493238,0.2116906648379948,0.4761904761904761,0.25,0.6194029850746268,0.0,0.0,1.0,0.0,0.0,0.0,0.0,0.0,0.0,0.0,0.0,1.0,0.0,0.0,0.0,1.0,0.6521380996686222,0.7882745972308358
0.4106214029552091,0.2414255686199043,0.1925446265581931,0.3606371539112386,0.3651733534776363,0.2421994233237753,0.3980674847368706,0.365674575160992,0.3658044946181882,0.3011811774215425,0.3577445582176181,0.2564769288147435,0.4068424888575323,0.6139600502246289,0.0698014578196635,0.3454102092680242,0.1805369976137628,0.3150039325557742,0.3929034974021382,0.7203499599782867,0.418179297192809,0.0675898201330792,0.5559521933002246,0.5590438690493238,0.2116906648379948,0.1111111111111111,0.8478260869565218,0.0,0.0789473684210526,0.0,1.0,0.0,0.0,0.0,0.0,0.0,0.0,0.0,0.0,1.0,0.0,0.0,0.0,1.0,0.0,0.0
0.4106214029552091,0.2414255686199043,0.1925446265581931,0.3606371539112386,0.3651733534776363,0.2421994233237753,0.3980674847368706,0.365674575160992,0.3658044946181882,0.3011811774215425,0.3577445582176181,0.2564769288147435,0.4068424888575323,0.6139600502246289,0.0698014578196635,0.3454102092680242,0.1805369976137628,0.3150039325557742,0.3929034974021382,0.7203499599782867,0.418179297192809,0.0675898201330792,0.5559521933002246,0.5590438690493238,0.2116906648379948,0.1111111111111111,0.8478260869565218,0.0,0.0789473684210526,0.0,0.0,1.0,0.0,0.0,0.0,0.0,0.0,0.0,0.0,1.0,0.0,0.0,0.0,1.0,0.5242102864015052,0.6072004845830536
0.6589342154633077,0.5879857079086505,0.2915610816944602,0.8572495740037867,0.3911974643493792,0.1635375388417068,0.4068731870164297,0.2926595593709247,0.2919921257805599,0.4404075821626164,0.2753316547795515,0.5427426354571827,0.4669544547991792,0.4922878944882795,0.4694488340126161,0.457516217087575,0.6771536675657902,0.3516972532587648,0.447993724567061,0.3630983420916258,0.3506790706328769,0.330433905128777,0.5322213207692685,0.5902769979537668,0.3736829644267931,0.5158730158730158,0.0,0.8656716417910446,0.368421052631579,0.0,1.0,0.0,0.0,0.0,0.0,0.0,0.0,0.0,0.0,1.0,0.0,0.0,0.0,1.0,0.6050397724093349,0.8085823646509417
0.6589342154633077,0.5879857079086505,0.2915610816944602,0.8572495740037867,0.3911974643493792,0.1635375388417068,0.4068731870164297,0.2926595593709247,0.2919921257805599,0.4404075821626164,0.2753316547795515,0.5427426354571827,0.4669544547991792,0.4922878944882795,0.4694488340126161,0.457516217087575,0.6771536675657902,0.3516972532587648,0.447993724567061,0.3630983420916258,0.3506790706328769,0.330433905128777,0.5322213207692685,0.5902769979537668,0.3736829644267931,0.4761904761904761,0.25,0.6194029850746268,0.0,0.0,1.0,0.0,0.0,0.0,0.0,0.0,0.0,0.0,0.0,1.0,0.0,0.0,0.0,1.0,0.6700860639439662,0.7952122250648692
0.6589342154633077,0.5879857079086505,0.2915610816944602,0.8572495740037867,0.3911974643493792,0.1635375388417068,0.4068731870164297,0.2926595593709247,0.2919921257805599,0.4404075821626164,0.2753316547795515,0.5427426354571827,0.4669544547991792,0.4922878944882795,0.4694488340126161,0.457516217087575,0.6771536675657902,0.3516972532587648,0.447993724567061,0.3630983420916258,0.3506790706328769,0.330433905128777,0.5322213207692685,0.5902769979537668,0.3736829644267931,0.4761904761904761,0.25,0.6194029850746268,0.0,0.0,0.0,1.0,0.0,0.0,0.0,0.0,0.0,0.0,0.0,1.0,0.0,0.0,0.0,1.0,0.6799381306277041,0.692753867232878
0.6589342154633077,0.5879857079086505,0.2915610816944602,0.8572495740037867,0.3911974643493792,0.1635375388417068,0.4068731870164297,0.2926595593709247,0.2919921257805599,0.4404075821626164,0.2753316547795515,0.5427426354571827,0.4669544547991792,0.4922878944882795,0.4694488340126161,0.457516217087575,0.6771536675657902,0.3516972532587648,0.447993724567061,0.3630983420916258,0.3506790706328769,0.330433905128777,0.5322213207692685,0.5902769979537668,0.3736829644267931,0.1111111111111111,0.8478260869565218,0.0,0.0789473684210526,0.0,1.0,0.0,0.0,0.0,0.0,0.0,0.0,0.0,0.0,1.0,0.0,0.0,0.0,1.0,0.1482069803677491,0.3049387861709314
0.6589342154633077,0.5879857079086505,0.2915610816944602,0.8572495740037867,0.3911974643493792,0.1635375388417068,0.4068731870164297,0.2926595593709247,0.2919921257805599,0.4404075821626164,0.2753316547795515,0.5427426354571827,0.4669544547991792,0.4922878944882795,0.4694488340126161,0.457516217087575,0.6771536675657902,0.3516972532587648,0.447993724567061,0.3630983420916258,0.3506790706328769,0.330433905128777,0.5322213207692685,0.5902769979537668,0.3736829644267931,0.1111111111111111,0.8478260869565218,0.0,0.0789473684210526,0.0,0.0,1.0,0.0,0.0,0.0,0.0,0.0,0.0,0.0,1.0,0.0,0.0,0.0,1.0,0.3751363168294631,0.5122689431182083
0.5680831440775995,1.0,0.2757752854686097,0.376275845686719,0.4486382392095804,0.2095916501849836,0.4721235363109407,0.3891653756369611,0.3772340873937709,0.523959757705225,0.4039108608767075,0.2299686948111347,0.3354316218794146,0.6664111639314068,0.4798407919400587,0.6414322144983616,0.4398593406435184,0.3816867720875018,0.3283200915759154,0.1966402304297427,0.0278076035330671,0.3652743671659401,0.6436384088002799,0.6636992366083388,0.4896150622355099,0.5158730158730158,0.0,0.8656716417910446,0.368421052631579,0.0,1.0,0.0,0.0,0.0,0.0,0.0,0.0,0.0,0.0,1.0,0.0,0.0,0.0,1.0,0.1089171986484394,0.2220447373665112
0.5680831440775995,1.0,0.2757752854686097,0.376275845686719,0.4486382392095804,0.2095916501849836,0.4721235363109407,0.3891653756369611,0.3772340873937709,0.523959757705225,0.4039108608767075,0.2299686948111347,0.3354316218794146,0.6664111639314068,0.4798407919400587,0.6414322144983616,0.4398593406435184,0.3816867720875018,0.3283200915759154,0.1966402304297427,0.0278076035330671,0.3652743671659401,0.6436384088002799,0.6636992366083388,0.4896150622355099,0.1111111111111111,0.8478260869565218,0.0,0.0789473684210526,0.0,1.0,0.0,0.0,0.0,0.0,0.0,0.0,0.0,0.0,1.0,0.0,0.0,0.0,1.0,0.4322385734392032,0.6428185330306412
